Ticker,Ticker_name,Exposure,Date,qtd_pct_change
EDV,VANGUARD EXT DUR T;ETF,Bonds,2025-10-16,0.0259
HYG,ISHARES:IBOXX $HY CORP,Bonds,2025-10-16,-0.0084
IEF,ISHARES:7-10 TRS BD ETF,Bonds,2025-10-16,0.0113
LQD,ISHARES:IBOXX $IG CORP,Bonds,2025-10-16,0.0085
SHY,ISHARES:1-3 TRS BD ETF,Bonds,2025-10-16,0.0017
STIP,ISHARES:0-5 TIPS BD ETF,Bonds,2025-10-16,0.0014
TIP,ISHARES:TIPS BD ETF,Bonds,2025-10-16,0.0061
TLT,ISHARES:20+ TRS BD ETF,Bonds,2025-10-16,0.022
APP,APPLOVIN CORP,Communication Services,2025-10-16,-0.1571
CHTR,"CHARTER COMMUNICATIONS, INC.",Communication Services,2025-10-16,-0.0718
CMCSA,COMCAST ,Communication Services,2025-10-16,-0.0687
DIS,THE WALT DISNEY COMPANY,Communication Services,2025-10-16,-0.0403
EA,ELECTRONIC ARTS INC.,Communication Services,2025-10-16,-0.0067
FOXA,FOX ,Communication Services,2025-10-16,-0.0961
GOOGL,ALPHABET INC.,Communication Services,2025-10-16,0.0344
IPG,THE INTERPUBLIC GROUP,Communication Services,2025-10-16,-0.0563
LYV,"LIVE NATION ENTERTAINMENT, INC.",Communication Services,2025-10-16,-0.0715
META,"META PLATFORMS, INC.",Communication Services,2025-10-16,-0.0304
MTCH,"MATCH GROUP, INC.",Communication Services,2025-10-16,-0.0841
NFLX,"NETFLIX, INC.",Communication Services,2025-10-16,-0.0128
NWSA,NEWS CORP.,Communication Services,2025-10-16,-0.1563
OMC,OMNICOM GROUP INC.,Communication Services,2025-10-16,-0.053
PSKY,PARAMOUNT SKYDANCE ,Communication Services,2025-10-16,-0.1068
T,AT&T INC.,Communication Services,2025-10-16,-0.0722
TKO,"TKO GROUP HOLDINGS, INC.",Communication Services,2025-10-16,-0.07
TMUS,"T-MOBILE US, INC.",Communication Services,2025-10-16,-0.054
TTD,"THE TRADE DESK, INC.",Communication Services,2025-10-16,0.0182
TTWO,"TAKE-TWO INTERACTIVE SOFTWARE, INC.",Communication Services,2025-10-16,0.0034
VZ,VERIZON COMMUNICATIONS INC.,Communication Services,2025-10-16,-0.0817
WBD,"WARNER BROS. DISCOVERY, INC.",Communication Services,2025-10-16,-0.0635
ABNB,"AIRBNB, INC.",Consumer Discretionary,2025-10-16,0.0121
AMZN,"AMAZON.COM, INC.",Consumer Discretionary,2025-10-16,-0.0232
APTV,APTIV PLC,Consumer Discretionary,2025-10-16,-0.0317
AZO,"AUTOZONE, INC.",Consumer Discretionary,2025-10-16,-0.0658
BBY,"BEST BUY CO., INC.",Consumer Discretionary,2025-10-16,0.0386
BKNG,BOOKING HOLDINGS INC.,Consumer Discretionary,2025-10-16,-0.0828
CCL,CARNIVAL CORP,Consumer Discretionary,2025-10-16,-0.0242
CMG,"CHIPOTLE MEXICAN GRILL, INC.",Consumer Discretionary,2025-10-16,0.0656
DASH,"DOORDASH, INC.",Consumer Discretionary,2025-10-16,-0.0196
DECK,DECKERS OUTDOOR ,Consumer Discretionary,2025-10-16,-0.0228
DHI,"D.R. HORTON, INC.",Consumer Discretionary,2025-10-16,-0.0977
DPZ,"DOMINO'S PIZZA, INC.",Consumer Discretionary,2025-10-16,-0.0342
DRI,"DARDEN RESTAURANTS, INC.",Consumer Discretionary,2025-10-16,-0.0153
EBAY,EBAY INC.,Consumer Discretionary,2025-10-16,0.0025
EXPE,"EXPEDIA GROUP, INC.",Consumer Discretionary,2025-10-16,-0.0008
F,FORD MOTOR COMPANY,Consumer Discretionary,2025-10-16,-0.0184
GM,GENERAL MOTORS COMPANY,Consumer Discretionary,2025-10-16,-0.0595
GPC,GENUINE PARTS COMPANY,Consumer Discretionary,2025-10-16,-0.0348
GRMN,GARMIN LTD,Consumer Discretionary,2025-10-16,0.0021
HAS,"HASBRO, INC.",Consumer Discretionary,2025-10-16,-0.0191
HD,"THE HOME DEPOT, INC.",Consumer Discretionary,2025-10-16,-0.0439
HLT,HILTON WORLDWIDE HOLDINGS INC.,Consumer Discretionary,2025-10-16,-0.0076
KMX,"CARMAX, INC.",Consumer Discretionary,2025-10-16,-0.0357
LEN,LENNAR ,Consumer Discretionary,2025-10-16,-0.0252
LKQ,LKQ ,Consumer Discretionary,2025-10-16,-0.0236
LOW,"LOWE'S COMPANIES, INC.",Consumer Discretionary,2025-10-16,-0.0327
LULU,LULULEMON ATHLETICA INC.,Consumer Discretionary,2025-10-16,-0.0748
LVS,LAS VEGAS SANDS CORP.,Consumer Discretionary,2025-10-16,-0.0864
MAR,"MARRIOTT INTERNATIONAL, INC.",Consumer Discretionary,2025-10-16,-0.0054
MCD,MCDONALD'S ,Consumer Discretionary,2025-10-16,0.0047
MGM,MGM RESORTS INTERNATIONAL,Consumer Discretionary,2025-10-16,-0.0857
MHK,"MOHAWK INDUSTRIES, INC.",Consumer Discretionary,2025-10-16,-0.015
NCLH,NORWEGIAN CRUISE LINE HOLDINGS LTD.,Consumer Discretionary,2025-10-16,-0.0723
NKE,"NIKE, INC.",Consumer Discretionary,2025-10-16,-0.0414
NVR,"NVR, INC.",Consumer Discretionary,2025-10-16,-0.0534
ORLY,"O'REILLY AUTOMOTIVE, INC.",Consumer Discretionary,2025-10-16,-0.0616
PHM,"PULTEGROUP, INC.",Consumer Discretionary,2025-10-16,-0.0624
POOL,POOL ,Consumer Discretionary,2025-10-16,-0.0642
RCL,ROYAL CARIBBEAN CRUISES LTD.,Consumer Discretionary,2025-10-16,-0.0775
RL,RALPH LAUREN ,Consumer Discretionary,2025-10-16,0.0306
ROST,"ROSS STORES, INC.",Consumer Discretionary,2025-10-16,0.0185
SBUX,STARBUCKS ,Consumer Discretionary,2025-10-16,-0.0031
TJX,"THE TJX COMPANIES, INC.",Consumer Discretionary,2025-10-16,-0.0138
TPR,"TAPESTRY, INC.",Consumer Discretionary,2025-10-16,0.0291
TSCO,TRACTOR SUPPLY COMPANY,Consumer Discretionary,2025-10-16,-0.0301
TSLA,"TESLA, INC.",Consumer Discretionary,2025-10-16,-0.0359
ULTA,"ULTA BEAUTY, INC.",Consumer Discretionary,2025-10-16,-0.0173
WSM,"WILLIAMS-SONOMA, INC.",Consumer Discretionary,2025-10-16,-0.0407
WYNN,"WYNN RESORTS, LIMITED",Consumer Discretionary,2025-10-16,-0.0963
YUM,"YUM! BRANDS, INC.",Consumer Discretionary,2025-10-16,-0.0567
ADM,ARCHER-DANIELS-MIDLAND COMPANY.,Consumer Staples,2025-10-16,0.0529
BF.B,BROWN-FORMAN ,Consumer Staples,2025-10-16,0.0443
BG,BUNGE LIMITED,Consumer Staples,2025-10-16,0.1733
CAG,"CONAGRA BRANDS, INC.",Consumer Staples,2025-10-16,-0.0022
CHD,"CHURCH & DWIGHT CO., INC.",Consumer Staples,2025-10-16,-0.0043
CL,COLGATE-PALMOLIVE COMPANY,Consumer Staples,2025-10-16,-0.0233
CLX,THE CLOROX COMPANY,Consumer Staples,2025-10-16,-0.0462
COST,COSTCO WHOLESALE ,Consumer Staples,2025-10-16,-0.0
CPB,CAMPBELL SOUP COMPANY,Consumer Staples,2025-10-16,-0.0275
DG,DOLLAR GENERAL ,Consumer Staples,2025-10-16,0.0051
DLTR,"DOLLAR TREE, INC.",Consumer Staples,2025-10-16,-0.0036
EL,THE ESTEE LAUDER COMPANIES INC.,Consumer Staples,2025-10-16,0.0985
GIS,"GENERAL MILLS, INC.",Consumer Staples,2025-10-16,-0.0537
HRL,HORMEL FOODS ,Consumer Staples,2025-10-16,-0.04
HSY,THE HERSHEY COMPANY,Consumer Staples,2025-10-16,-0.0013
K,KELLANOVA,Consumer Staples,2025-10-16,0.011
KDP,KEURIG DR PEPPER INC.,Consumer Staples,2025-10-16,0.0866
KHC,THE KRAFT HEINZ COMPANY,Consumer Staples,2025-10-16,-0.0349
KMB,KIMBERLY-CLARK ,Consumer Staples,2025-10-16,-0.0373
KO,THE COCA-COLA COMPANY,Consumer Staples,2025-10-16,0.0191
KR,THE KROGER CO.,Consumer Staples,2025-10-16,0.0218
KVUE,KENVUE INC.,Consumer Staples,2025-10-16,-0.1306
LW,"LAMB WESTON HOLDINGS, INC.",Consumer Staples,2025-10-16,0.1185
MDLZ,"MONDELEZ INTERNATIONAL, INC.",Consumer Staples,2025-10-16,-0.0139
MKC,"MCCORMICK & COMPANY, INC.",Consumer Staples,2025-10-16,-0.0046
MNST,MONSTER BEVERAGE ,Consumer Staples,2025-10-16,0.0423
MO,"ALTRIA GROUP, INC.",Consumer Staples,2025-10-16,-0.0272
PEP,"PEPSICO, INC.",Consumer Staples,2025-10-16,0.0871
PG,THE PROCTER & GAMBLE COMPANY,Consumer Staples,2025-10-16,-0.0264
PM,PHILIP MORRIS INTERNATIONAL INC.,Consumer Staples,2025-10-16,-0.0383
SJM,THE J. M. SMUCKER COMPANY,Consumer Staples,2025-10-16,-0.0434
STZ,"CONSTELLATION BRANDS, INC.",Consumer Staples,2025-10-16,0.0345
SYY,SYSCO ,Consumer Staples,2025-10-16,-0.0426
TAP,MOLSON COORS BEVERAGE COMPANY,Consumer Staples,2025-10-16,0.0396
TGT,TARGET ,Consumer Staples,2025-10-16,0.0041
TSN,"TYSON FOODS, INC.",Consumer Staples,2025-10-16,-0.0394
WMT,WALMART INC.,Consumer Staples,2025-10-16,0.0331
APA,APA ,Energy,2025-10-16,-0.0527
BKR,BAKER HUGHES COMPANY,Energy,2025-10-16,-0.0837
COP,CONOCOPHILLIPS,Energy,2025-10-16,-0.0812
CTRA,COTERRA ENERGY INC.,Energy,2025-10-16,-0.0452
CVX,CHEVRON ,Energy,2025-10-16,-0.0231
DVN,DEVON ENERGY ,Energy,2025-10-16,-0.0864
EOG,"EOG RESOURCES, INC.",Energy,2025-10-16,-0.0434
EQT,EQT ,Energy,2025-10-16,-0.0219
EXE,EXPAND ENERGY ,Energy,2025-10-16,-0.072
FANG,"DIAMONDBACK ENERGY, INC.",Energy,2025-10-16,-0.0256
HAL,HALLIBURTON COMPANY,Energy,2025-10-16,-0.113
KMI,"KINDER MORGAN, INC.",Energy,2025-10-16,-0.0389
MPC,MARATHON PETROLEUM ,Energy,2025-10-16,-0.0601
OKE,"ONEOK, INC.",Energy,2025-10-16,-0.0788
OXY,OCCIDENTAL PETROLEUM ,Energy,2025-10-16,-0.1314
PSX,PHILLIPS 66,Energy,2025-10-16,-0.0563
SLB,SCHLUMBERGER N.V.,Energy,2025-10-16,-0.0422
TPL,TEXAS PACIFIC LAND ,Energy,2025-10-16,0.0049
TRGP,TARGA RESOURCES CORP.,Energy,2025-10-16,-0.1268
VLO,VALERO ENERGY ,Energy,2025-10-16,-0.0815
WMB,"THE WILLIAMS COMPANIES, INC.",Energy,2025-10-16,-0.0129
XOM,EXXON MOBIL ,Energy,2025-10-16,-0.0187
UNG,UNITED STATES NAT GAS,Energy Complex,2025-10-16,-0.114
USO,UNITED STATES OIL FUND,Energy Complex,2025-10-16,-0.0805
ACGL,ARCH CAPITAL GROUP LTD.,Financials,2025-10-16,-0.0496
AFL,AFLAC INC.,Financials,2025-10-16,-0.0445
AIG,"AMERICAN INTERNATIONAL GROUP, INC.",Financials,2025-10-16,-0.0194
AIZ,"ASSURANT, INC.",Financials,2025-10-16,-0.0411
AJG,ARTHUR J. GALLAGHER & CO.,Financials,2025-10-16,-0.0955
ALL,THE ALLSTATE ,Financials,2025-10-16,-0.0921
AMP,"AMERIPRISE FINANCIAL, INC.",Financials,2025-10-16,-0.0479
AON,AON PLC,Financials,2025-10-16,-0.0377
APO,"APOLLO GLOBAL MANAGEMENT, INC.",Financials,2025-10-16,-0.0933
AXP,AMERICAN EXPRESS COMPANY,Financials,2025-10-16,-0.0272
BAC,BANK OF AMERICA ,Financials,2025-10-16,-0.0223
BEN,"FRANKLIN RESOURCES, INC.",Financials,2025-10-16,-0.0445
BK,THE BANK OF NEW YORK MELLON ,Financials,2025-10-16,-0.0206
BLK,"BLACKROCK, INC.",Financials,2025-10-16,0.0047
BRK.B,"BERKSHIRE HATHAWAY INC.,",Financials,2025-10-16,-0.0277
BRO,"BROWN & BROWN, INC.",Financials,2025-10-16,-0.0679
BX,BLACKSTONE INC,Financials,2025-10-16,-0.0754
C,CITIGROUP INC.,Financials,2025-10-16,-0.0516
CB,CHUBB LTD,Financials,2025-10-16,-0.0497
CBOE,"CBOE GLOBAL MARKETS, INC.",Financials,2025-10-16,-0.0378
CFG,"CITIZENS FINANCIAL GROUP, INC.",Financials,2025-10-16,-0.0897
CINF,CINCINNATI FINANCIAL ,Financials,2025-10-16,-0.0424
CME,CME GROUP INC.,Financials,2025-10-16,-0.0284
COF,CAPITAL ONE FINANCIAL ,Financials,2025-10-16,-0.0444
COIN,"COINBASE GLOBAL, INC.",Financials,2025-10-16,-0.0215
CPAY,"FLEETCOR TECHNOLOGIES, INC.",Financials,2025-10-16,-0.0367
EG,"EVEREST GROUP, LTD.",Financials,2025-10-16,-0.0268
ERIE,ERIE INDEMNITY COMPANY,Financials,2025-10-16,-0.0196
FDS,FACTSET RESEARCH SYSTEMS INC.,Financials,2025-10-16,-0.0296
FI,"FISERV, INC.",Financials,2025-10-16,-0.0848
FIS,FIDELITY NATIONAL INFORMATION SERVICES,Financials,2025-10-16,-0.002
FITB,FIFTH THIRD BANCORP,Financials,2025-10-16,-0.0941
GL,GLOBE LIFE INC.,Financials,2025-10-16,-0.0655
GPN,GLOBAL PAYMENTS INC.,Financials,2025-10-16,0.007
GS,"THE GOLDMAN SACHS GROUP, INC.",Financials,2025-10-16,-0.048
HBAN,HUNTINGTON BANCSHARES INC.,Financials,2025-10-16,-0.11
HIG,THE HARTFORD FINANCIAL SERVICES GROUP,Financials,2025-10-16,-0.0705
HOOD,"ROBINHOOD MARKETS, INC.",Financials,2025-10-16,-0.082
IBKR,"INTERACTIVE BROKERS GROUP, INC.",Financials,2025-10-16,-0.0042
ICE,"INTERCONTINENTAL EXCHANGE, INC.",Financials,2025-10-16,-0.0897
IVZ,INVESCO LTD.,Financials,2025-10-16,-0.0061
JKHY,"JACK HENRY & ASSOCIATES, INC.",Financials,2025-10-16,0.0269
JPM,JPMORGAN CHASE & CO.,Financials,2025-10-16,-0.0535
KEY,KEYCORP,Financials,2025-10-16,-0.1022
KKR,KKR & CO. INC.,Financials,2025-10-16,-0.0957
L,LOEWS ,Financials,2025-10-16,-0.0221
MA,MASTERCARD INC..,Financials,2025-10-16,-0.0333
MCO,MOODY'S ,Financials,2025-10-16,-0.0166
MET,"METLIFE, INC.",Financials,2025-10-16,-0.055
MMC,"MARSH & MCLENNAN COMPANIES, INC.",Financials,2025-10-16,-0.0747
MS,MORGAN STANLEY,Financials,2025-10-16,0.0067
MSCI,MSCI INC.,Financials,2025-10-16,-0.06
MTB,M&T BANK ,Financials,2025-10-16,-0.0961
NDAQ,"NASDAQ, INC.",Financials,2025-10-16,-0.0058
NTRS,NORTHERN TRUST ,Financials,2025-10-16,-0.0745
PFG,"PRINCIPAL FINANCIAL GROUP, INC.",Financials,2025-10-16,-0.0545
PGR,THE PROGRESSIVE ,Financials,2025-10-16,-0.1021
PNC,"THE PNC FINANCIAL SERVICES GROUP, INC.",Financials,2025-10-16,-0.1123
PRU,"PRUDENTIAL FINANCIAL, INC.",Financials,2025-10-16,-0.0375
PYPL,"PAYPAL HOLDINGS, INC.",Financials,2025-10-16,-0.0151
RF,REGIONS FINANCIAL ,Financials,2025-10-16,-0.1145
RJF,"RAYMOND JAMES FINANCIAL, INC.",Financials,2025-10-16,-0.072
SCHW,THE CHARLES SCHWAB ,Financials,2025-10-16,-0.0216
SPGI,S&P GLOBAL INC.,Financials,2025-10-16,-0.0301
STT,STATE STREET ,Financials,2025-10-16,-0.0264
SYF,SYNCHRONY FINANCIAL,Financials,2025-10-16,-0.0113
TFC,TRUIST FINANCIAL ,Financials,2025-10-16,-0.1013
TROW,"T. ROWE PRICE GROUP, INC.",Financials,2025-10-16,0.005
TRV,"THE TRAVELERS COMPANIES, INC.",Financials,2025-10-16,-0.0632
USB,U.S. BANCORP,Financials,2025-10-16,-0.0555
V,VISA INC.,Financials,2025-10-16,-0.0175
WFC,WELLS FARGO & COMPANY,Financials,2025-10-16,0.0021
WRB,W. R. BERKLEY ,Financials,2025-10-16,-0.0388
WTW,WILLIS TOWERS WATSON,Financials,2025-10-16,-0.0505
XYZ,"BLOCK, INC.",Financials,2025-10-16,0.0314
GLD,SPDR GOLD,Gold,2025-10-16,0.1153
A,"AGILENT TECHNOLOGIES, INC.",Health Care,2025-10-16,0.0993
ABBV,ABBVIE INC.,Health Care,2025-10-16,-0.0202
ABT,ABBOTT LABORATORIES,Health Care,2025-10-16,-0.0471
ALGN,"ALIGN TECHNOLOGY, INC.",Health Care,2025-10-16,0.0369
AMGN,AMGEN INC.,Health Care,2025-10-16,0.0482
BAX,BAXTER INTERNATIONAL INC.,Health Care,2025-10-16,0.0088
BDX,"BECTON, DICKINSON AND COMPANY",Health Care,2025-10-16,-0.0102
BIIB,BIOGEN INC.,Health Care,2025-10-16,0.0156
BMY,BRISTOL-MYERS SQUIBB COMPANY,Health Care,2025-10-16,-0.0379
BSX,BOSTON SCIENTIFIC ,Health Care,2025-10-16,0.0015
CAH,"CARDINAL HEALTH, INC.",Health Care,2025-10-16,-0.0235
CI,THE CIGNA GROUP,Health Care,2025-10-16,0.0098
CNC,CENTENE ,Health Care,2025-10-16,-0.0011
COO,"THE COOPER COMPANIES, INC.",Health Care,2025-10-16,0.0438
COR,"CENCORA, INC.",Health Care,2025-10-16,0.022
CRL,CHARLES RIVER LABORATORIES,Health Care,2025-10-16,0.1182
CVS,CVS HEALTH ,Health Care,2025-10-16,0.0793
DGX,QUEST DIAGNOSTICS INC.,Health Care,2025-10-16,-0.0197
DHR,DANAHER ,Health Care,2025-10-16,0.0639
DVA,DAVITA INC.,Health Care,2025-10-16,-0.0573
DXCM,"DEXCOM, INC.",Health Care,2025-10-16,-0.0143
ELV,"ELEVANCE HEALTH, INC.",Health Care,2025-10-16,0.0776
EW,EDWARDS LIFESCIENCES ,Health Care,2025-10-16,-0.0658
GEHC,GE HEALTHCARE TECHNOLOGIES INC.,Health Care,2025-10-16,-0.0229
GILD,"GILEAD SCIENCES, INC.",Health Care,2025-10-16,0.0617
HCA,"HCA HEALTHCARE, INC.",Health Care,2025-10-16,-0.0155
HOLX,"HOLOGIC, INC.",Health Care,2025-10-16,0.015
HSIC,"HENRY SCHEIN, INC.",Health Care,2025-10-16,-0.0654
HUM,HUMANA INC.,Health Care,2025-10-16,0.0273
IDXX,"IDEXX LABORATORIES, INC.",Health Care,2025-10-16,-0.0024
INCY,INCYTE ,Health Care,2025-10-16,0.0295
IQV,IQVIA HOLDINGS INC,Health Care,2025-10-16,0.0832
ISRG,"INTUITIVE SURGICAL, INC.",Health Care,2025-10-16,-0.0282
JNJ,JOHNSON & JOHNSON,Health Care,2025-10-16,0.0361
LH,LABORATORY  OF AMERICA HOLDINGS,Health Care,2025-10-16,-0.0117
LLY,ELI LILLY AND COMPANY,Health Care,2025-10-16,0.0739
MCK,MCKESSON ,Health Care,2025-10-16,0.0038
MDT,MEDTRONIC PUBLIC LIMITED COMPANY,Health Care,2025-10-16,-0.0021
MOH,"MOLINA HEALTHCARE, INC.",Health Care,2025-10-16,-0.0146
MRK,"MERCK & CO., INC.",Health Care,2025-10-16,-0.0001
MRNA,"MODERNA, INC.",Health Care,2025-10-16,0.0507
MTD,METTLER-TOLEDO INTERNATIONAL INC.,Health Care,2025-10-16,0.1075
PFE,PFIZER INC.,Health Care,2025-10-16,-0.0491
PODD,INSULET ,Health Care,2025-10-16,0.0245
REGN,"REGENERON PHARMACEUTICALS, INC.",Health Care,2025-10-16,0.0123
RMD,RESMED INC.,Health Care,2025-10-16,-0.0136
RVTY,"REVVITY, INC.",Health Care,2025-10-16,0.0724
SOLV,SOLVENTUM ,Health Care,2025-10-16,-0.0214
STE,STERIS PUBLIC LIMITED COMPANY,Health Care,2025-10-16,-0.0289
SYK,STRYKER ,Health Care,2025-10-16,-0.0011
TECH,BIO-TECHNE ,Health Care,2025-10-16,0.1073
TMO,THERMO FISHER SCIENTIFIC INC.,Health Care,2025-10-16,0.1067
UHS,"UNIVERSAL HEALTH SERVICES, INC.",Health Care,2025-10-16,-0.001
UNH,UNITEDHEALTH GROUP INC.,Health Care,2025-10-16,0.0329
VRTX,VERTEX PHARMACEUTICALS INC.,Health Care,2025-10-16,0.0433
VTRS,VIATRIS INC.,Health Care,2025-10-16,0.0202
WAT,WATERS ,Health Care,2025-10-16,0.1169
WST,"WEST PHARMACEUTICAL SERVICES, INC.",Health Care,2025-10-16,0.0185
ZBH,"ZIMMER BIOMET HOLDINGS, INC.",Health Care,2025-10-16,0.0144
ZTS,ZOETIS INC.,Health Care,2025-10-16,-0.0209
ADP,"AUTOMATIC DATA PROCESSING, INC.",Industrials,2025-10-16,-0.0455
ALLE,ALLEGION PUBLIC LIMITED COMPANY,Industrials,2025-10-16,0.0008
AME,"AMETEK, INC.",Industrials,2025-10-16,-0.0187
AOS,A. O. SMITH ,Industrials,2025-10-16,-0.0552
AXON,"AXON ENTERPRISE, INC.",Industrials,2025-10-16,-0.0912
BA,THE BOEING COMPANY,Industrials,2025-10-16,-0.0183
BLDR,"BUILDERS FIRSTSOURCE, INC.",Industrials,2025-10-16,0.014
BR,"BROADRIDGE FINANCIAL SOLUTIONS, INC.",Industrials,2025-10-16,-0.0495
CARR,CARRIER GLOBAL ,Industrials,2025-10-16,-0.0494
CAT,CATERPILLAR INC.,Industrials,2025-10-16,0.1337
CHRW,"C.H. ROBINSON WORLDWIDE, INC.",Industrials,2025-10-16,-0.0484
CMI,CUMMINS INC.,Industrials,2025-10-16,0.0007
CPRT,"COPART, INC.",Industrials,2025-10-16,-0.0205
CSX,CSX ,Industrials,2025-10-16,0.0135
CTAS,CINTAS ,Industrials,2025-10-16,-0.1018
DAL,"DELTA AIR LINES, INC.",Industrials,2025-10-16,0.0643
DAY,CERIDIAN HCM HOLDING INC.,Industrials,2025-10-16,-0.0083
DE,DEERE & COMPANY,Industrials,2025-10-16,-0.0002
DOV,DOVER ,Industrials,2025-10-16,-0.0042
EFX,EQUIFAX INC.,Industrials,2025-10-16,-0.1143
EME,"EMCOR GROUP, INC.",Industrials,2025-10-16,0.058
EMR,EMERSON ELECTRIC CO.,Industrials,2025-10-16,-0.0175
ETN,EATON  PUBLIC LIMITED COMPANY,Industrials,2025-10-16,0.0036
EXPD,EXPEDITORS INTERNATIONAL OF WASHINGTON,Industrials,2025-10-16,-0.0354
FAST,FASTENAL COMPANY,Industrials,2025-10-16,-0.1444
FDX,FEDEX ,Industrials,2025-10-16,0.0047
FTV,FORTIVE ,Industrials,2025-10-16,-0.0061
GD,GENERAL DYNAMICS ,Industrials,2025-10-16,-0.0305
GE,GENERAL ELECTRIC COMPANY,Industrials,2025-10-16,-0.0033
GEV,GE VERNOVA INC.,Industrials,2025-10-16,-0.021
GNRC,GENERAC HOLDINGS INC.,Industrials,2025-10-16,0.1508
GWW,"W.W. GRAINGER, INC.",Industrials,2025-10-16,0.0017
HII,"HUNTINGTON INGALLS INDUSTRIES, INC.",Industrials,2025-10-16,-0.0182
HON,HONEYWELL INTERNATIONAL INC.,Industrials,2025-10-16,-0.0348
HUBB,HUBBELL INC.,Industrials,2025-10-16,-0.0035
HWM,HOWMET AEROSPACE INC.,Industrials,2025-10-16,-0.0232
IEX,IDEX ,Industrials,2025-10-16,0.0139
IR,INGERSOLL RAND INC.,Industrials,2025-10-16,-0.0824
ITW,ILLINOIS TOOL WORKS INC.,Industrials,2025-10-16,-0.053
J,JACOBS SOLUTIONS INC.,Industrials,2025-10-16,0.0414
JBHT,"J. B. HUNT TRANSPORT SERVICES, INC.",Industrials,2025-10-16,0.2638
JCI,JOHNSON CONTROLS INTERNATIONAL PLC,Industrials,2025-10-16,-0.0053
LDOS,"LEIDOS HOLDINGS, INC.",Industrials,2025-10-16,-0.0241
LHX,"L3HARRIS TECHNOLOGIES, INC.",Industrials,2025-10-16,-0.0692
LII,LENNOX INTERNATIONAL INC.,Industrials,2025-10-16,-0.0102
LMT,LOCKHEED MARTIN ,Industrials,2025-10-16,-0.0119
LUV,SOUTHWEST AIRLINES CO.,Industrials,2025-10-16,0.0432
MAS,MASCO ,Industrials,2025-10-16,-0.0335
MMM,3M COMPANY,Industrials,2025-10-16,-0.0243
NDSN,NORDSON ,Industrials,2025-10-16,0.0223
NOC,NORTHROP GRUMMAN ,Industrials,2025-10-16,-0.017
NSC,NORFOLK SOUTHERN ,Industrials,2025-10-16,-0.0397
ODFL,"OLD DOMINION FREIGHT LINE, INC.",Industrials,2025-10-16,-0.019
OTIS,OTIS WORLDWIDE ,Industrials,2025-10-16,-0.0083
PAYC,"PAYCOM SOFTWARE, INC.",Industrials,2025-10-16,-0.0368
PAYX,"PAYCHEX, INC.",Industrials,2025-10-16,-0.0021
PCAR,PACCAR INC,Industrials,2025-10-16,-0.0321
PH,PARKER-HANNIFIN ,Industrials,2025-10-16,-0.0422
PNR,PENTAIR PUBLIC LIMITED COMPANY,Industrials,2025-10-16,-0.0186
PWR,"QUANTA SERVICES, INC.",Industrials,2025-10-16,0.0557
ROK,"ROCKWELL AUTOMATION, INC.",Industrials,2025-10-16,-0.0043
ROL,"ROLLINS, INC.",Industrials,2025-10-16,-0.0596
RSG,"REPUBLIC SERVICES, INC.",Industrials,2025-10-16,-0.049
RTX,RTX ,Industrials,2025-10-16,-0.0614
SNA,SNAP-ON INC.,Industrials,2025-10-16,-0.0068
SWK,"STANLEY BLACK & DECKER, INC.",Industrials,2025-10-16,-0.0864
TDG,TRANSDIGM GROUP INC.,Industrials,2025-10-16,-0.052
TT,TRANE TECHNOLOGIES PLC,Industrials,2025-10-16,-0.0143
TXT,TEXTRON INC.,Industrials,2025-10-16,-0.0336
UAL,"UNITED AIRLINES HOLDINGS, INC.",Industrials,2025-10-16,0.0175
UBER,"UBER TECHNOLOGIES, INC.",Industrials,2025-10-16,-0.0556
UNP,UNION PACIFIC ,Industrials,2025-10-16,-0.0522
UPS,"UNITED PARCEL SERVICE, INC.",Industrials,2025-10-16,0.0253
URI,"UNITED RENTALS, INC.",Industrials,2025-10-16,0.0534
VLTO,VERALTO ,Industrials,2025-10-16,-0.0441
VRSK,"VERISK ANALYTICS, INC.",Industrials,2025-10-16,-0.0893
WAB,WESTINGHOUSE AIR BRAKE TECHNOLOGIES ,Industrials,2025-10-16,-0.0342
WM,"WASTE MANAGEMENT, INC.",Industrials,2025-10-16,-0.0341
XYL,XYLEM INC.,Industrials,2025-10-16,-0.0181
AAPL,APPLE INC.,Information Technology,2025-10-16,-0.0282
ACN,ACCENTURE PUBLIC LIMITED COMPANY,Information Technology,2025-10-16,-0.051
ADBE,ADOBE INC.,Information Technology,2025-10-16,-0.0667
ADI,"ANALOG DEVICES, INC.",Information Technology,2025-10-16,-0.0166
ADSK,"AUTODESK, INC.",Information Technology,2025-10-16,-0.0562
AKAM,"AKAMAI TECHNOLOGIES, INC.",Information Technology,2025-10-16,-0.037
AMAT,"APPLIED MATERIALS, INC.",Information Technology,2025-10-16,0.1122
AMD,"ADVANCED MICRO DEVICES, INC.",Information Technology,2025-10-16,0.4498
ANET,"ARISTA NETWORKS, INC.",Information Technology,2025-10-16,0.0021
APH,AMPHENOL ,Information Technology,2025-10-16,0.0292
AVGO,BROADCOM INC.,Information Technology,2025-10-16,0.0735
CDNS,"CADENCE DESIGN SYSTEMS, INC.",Information Technology,2025-10-16,-0.0769
CDW,CDW ,Information Technology,2025-10-16,-0.0514
CRM,"SALESFORCE, INC.",Information Technology,2025-10-16,0.038
CRWD,"CROWDSTRIKE HOLDINGS, INC.",Information Technology,2025-10-16,-0.0166
CSCO,"CISCO SYSTEMS, INC.",Information Technology,2025-10-16,0.0098
CTSH,COGNIZANT TECHNOLOGY SOLUTIONS ,Information Technology,2025-10-16,-0.0239
DDOG,"DATADOG, INC.",Information Technology,2025-10-16,0.0616
DELL,DELL TECHNOLOGIES INC.,Information Technology,2025-10-16,0.0673
EPAM,"EPAM SYSTEMS, INC.",Information Technology,2025-10-16,-0.057
FFIV,"F5, INC.",Information Technology,2025-10-16,-0.0861
FICO,FAIR ISAAC ,Information Technology,2025-10-16,0.0826
FSLR,"FIRST SOLAR, INC.",Information Technology,2025-10-16,0.0783
FTNT,"FORTINET, INC.",Information Technology,2025-10-16,-0.0112
GDDY,GODADDY INC.,Information Technology,2025-10-16,-0.0645
GEN,GEN DIGITAL INC.,Information Technology,2025-10-16,-0.0676
GLW,CORNING INC.,Information Technology,2025-10-16,0.0572
HPE,HEWLETT PACKARD ENTERPRISE COMPANY,Information Technology,2025-10-16,-0.0839
HPQ,HP INC.,Information Technology,2025-10-16,-0.0011
IBM,INTERNATIONAL BUSINESS MACHINES ,Information Technology,2025-10-16,-0.0219
INTC,INTEL ,Information Technology,2025-10-16,0.0981
INTU,INTUIT INC.,Information Technology,2025-10-16,-0.0526
IT,"GARTNER, INC.",Information Technology,2025-10-16,-0.1015
JBL,JABIL INC.,Information Technology,2025-10-16,-0.0342
KEYS,"KEYSIGHT TECHNOLOGIES, INC.",Information Technology,2025-10-16,-0.0715
KLAC,KLA ,Information Technology,2025-10-16,0.0187
LRCX,LAM RESEARCH ,Information Technology,2025-10-16,0.0633
MCHP,MICROCHIP TECHNOLOGY INC.,Information Technology,2025-10-16,0.0176
MPWR,"MONOLITHIC POWER SYSTEMS, INC.",Information Technology,2025-10-16,0.1153
MSFT,MICROSOFT ,Information Technology,2025-10-16,-0.0122
MSI,"MOTOROLA SOLUTIONS, INC.",Information Technology,2025-10-16,-0.0439
MU,"MICRON TECHNOLOGY, INC.",Information Technology,2025-10-16,0.2104
NOW,"SERVICENOW, INC.",Information Technology,2025-10-16,-0.028
NTAP,"NETAPP, INC.",Information Technology,2025-10-16,0.0079
NVDA,NVIDIA ,Information Technology,2025-10-16,-0.0256
NXPI,NXP SEMICONDUCTORS NV,Information Technology,2025-10-16,-0.0453
ON,ON SEMICONDUCTOR ,Information Technology,2025-10-16,0.0742
ORCL,ORACLE ,Information Technology,2025-10-16,0.1129
PANW,"PALO ALTO NETWORKS, INC.",Information Technology,2025-10-16,0.0093
PLTR,PALANTIR TECHNOLOGIES INC.,Information Technology,2025-10-16,-0.0236
PTC,PTC INC.,Information Technology,2025-10-16,-0.0051
QCOM,QUALCOMM INC.,Information Technology,2025-10-16,-0.0137
ROP,"ROPER TECHNOLOGIES, INC.",Information Technology,2025-10-16,0.0028
SMCI,"SUPER MICRO COMPUTER, INC.",Information Technology,2025-10-16,0.1231
SNPS,"SYNOPSYS, INC.",Information Technology,2025-10-16,-0.1078
STX,SEAGATE TECHNOLOGY HOLDINGS,Information Technology,2025-10-16,-0.0425
SWKS,"SKYWORKS SOLUTIONS, INC.",Information Technology,2025-10-16,-0.0326
TDY,TELEDYNE TECHNOLOGIES INC.,Information Technology,2025-10-16,-0.0419
TEL,TE CONNECTIVITY LTD,Information Technology,2025-10-16,0.0212
TER,"TERADYNE, INC.",Information Technology,2025-10-16,0.0121
TRMB,TRIMBLE INC.,Information Technology,2025-10-16,-0.0463
TXN,TEXAS INSTRUMENTS INC.,Information Technology,2025-10-16,-0.0449
TYL,"TYLER TECHNOLOGIES, INC.",Information Technology,2025-10-16,-0.0509
VRSN,"VERISIGN, INC.",Information Technology,2025-10-16,-0.0708
WDAY,"WORKDAY, INC.",Information Technology,2025-10-16,-0.0545
WDC,WESTERN DIGITAL ,Information Technology,2025-10-16,0.0488
ZBRA,ZEBRA TECHNOLOGIES ,Information Technology,2025-10-16,-0.0109
ALB,ALBEMARLE ,Materials,2025-10-16,0.1753
AMCR,AMCOR PLC,Materials,2025-10-16,-0.0049
APD,"AIR PRODUCTS AND CHEMICALS, INC.",Materials,2025-10-16,-0.0716
AVY,AVERY DENNISON ,Materials,2025-10-16,-0.0175
BALL,BALL ,Materials,2025-10-16,-0.0468
CF,"CF INDUSTRIES HOLDINGS, INC.",Materials,2025-10-16,-0.0745
CTVA,"CORTEVA, INC.",Materials,2025-10-16,-0.098
DD,"DUPONT DE NEMOURS, INC.",Materials,2025-10-16,0.003
DOW,DOW INC.,Materials,2025-10-16,-0.0449
ECL,ECOLAB INC.,Materials,2025-10-16,-0.0118
EMN,EASTMAN CHEMICAL COMPANY,Materials,2025-10-16,-0.0458
FCX,FREEPORT-MCMORAN INC.,Materials,2025-10-16,0.0632
IFF,INTERNATIONAL FLAVORS & FRAGRANCES INC.,Materials,2025-10-16,0.0172
IP,INTERNATIONAL PAPER COMPANY,Materials,2025-10-16,0.0052
LIN,LINDE PUBLIC LIMITED COMPANY,Materials,2025-10-16,-0.0648
LYB,LYONDELLBASELL INDUSTRIES NV,Materials,2025-10-16,-0.0648
MLM,"MARTIN MARIETTA MATERIALS, INC.",Materials,2025-10-16,-0.0097
MOS,THE MOSAIC COMPANY,Materials,2025-10-16,-0.1514
NEM,NEWMONT ,Materials,2025-10-16,0.1656
NUE,NUCOR ,Materials,2025-10-16,-0.0205
PKG,PACKAGING  OF AMERICA,Materials,2025-10-16,-0.0578
PPG,"PPG INDUSTRIES, INC.",Materials,2025-10-16,-0.039
SHW,THE SHERWIN-WILLIAMS COMPANY,Materials,2025-10-16,-0.0427
STLD,"STEEL DYNAMICS, INC.",Materials,2025-10-16,0.0231
SW,SMURFIT WESTROCK PUBLIC LIMITED COMPANY,Materials,2025-10-16,-0.0294
VMC,VULCAN MATERIALS COMPANY,Materials,2025-10-16,-0.037
AMT,AMERICAN TOWER ,Real Estate,2025-10-16,-0.0044
ARE,"ALEXANDRIA REAL ESTATE EQUITIES, INC.",Real Estate,2025-10-16,-0.0973
AVB,"AVALONBAY COMMUNITIES, INC.",Real Estate,2025-10-16,-0.0451
BXP,"BOSTON PROPERTIES, INC.",Real Estate,2025-10-16,-0.0531
CBRE,"CBRE GROUP, INC.",Real Estate,2025-10-16,-0.0136
CCI,CROWN CASTLE INC.,Real Estate,2025-10-16,0.0163
CPT,CAMDEN PROPERTY TRUST,Real Estate,2025-10-16,-0.0462
CSGP,"COSTAR GROUP, INC.",Real Estate,2025-10-16,-0.1188
DLR,"DIGITAL REALTY TRUST, INC.",Real Estate,2025-10-16,0.0062
DOC,"HEALTHDOC PROPERTIES, INC.",Real Estate,2025-10-16,-0.0366
EQIX,"EQUINIX, INC.",Real Estate,2025-10-16,0.0377
EQR,EQUITY RESIDENTIAL,Real Estate,2025-10-16,-0.0499
ESS,"ESSEX PROPERTY TRUST, INC.",Real Estate,2025-10-16,-0.0376
EXR,EXTRA SPACE STORAGE INC.,Real Estate,2025-10-16,0.0785
FRT,FEDERAL REALTY INVESTMENT TRUST,Real Estate,2025-10-16,-0.0324
HST,"HOST HOTELS & RESORTS, INC.",Real Estate,2025-10-16,-0.0488
INVH,INVITATION HOMES INC.,Real Estate,2025-10-16,-0.03
IRM,IRON MOUNTAIN INC.,Real Estate,2025-10-16,0.0378
KIM,KIMCO REALTY .,Real Estate,2025-10-16,-0.011
MAA,"MID-AMERICA APARTMENT COMMUNITIES, INC.",Real Estate,2025-10-16,-0.0594
O,REALTY INCOME ,Real Estate,2025-10-16,-0.0247
PLD,"PROLOGIS, INC.",Real Estate,2025-10-16,0.0581
PSA,PUBLIC STORAGE.,Real Estate,2025-10-16,0.0619
REG,REGENCY CENTERS ,Real Estate,2025-10-16,-0.0162
SBAC,SBA COMMUNICATIONS ,Real Estate,2025-10-16,0.021
SPG,"SIMON PROPERTY GROUP, INC.",Real Estate,2025-10-16,-0.0582
UDR,"UDR, INC.",Real Estate,2025-10-16,-0.0362
VICI,VICI PROPERTIES INC.,Real Estate,2025-10-16,-0.0577
VTR,"VENTAS, INC.",Real Estate,2025-10-16,-0.0063
WELL,WELLTOWER INC.,Real Estate,2025-10-16,-0.034
WY,WEYERHAEUSER COMPANY,Real Estate,2025-10-16,-0.046
UUP,INVESCO DB USD IDX BL,USD,2025-10-16,0.0076
AEE,AMEREN ,Utilities,2025-10-16,0.008
AEP,"AMERICAN ELECTRIC POWER COMPANY, INC.",Utilities,2025-10-16,0.0447
AES,THE AES ,Utilities,2025-10-16,0.1261
ATO,ATMOS ENERGY ,Utilities,2025-10-16,0.0329
AWK,"AMERICAN WATER WORKS COMPANY, INC.",Utilities,2025-10-16,0.0289
CEG,CONSTELLATION ENERGY .,Utilities,2025-10-16,0.205
CMS,CMS ENERGY ,Utilities,2025-10-16,0.0203
CNP,"CENTERPOINT ENERGY, INC.",Utilities,2025-10-16,0.0224
D,"DOMINION ENERGY, INC.",Utilities,2025-10-16,-0.009
DTE,DTE ENERGY COMPANY,Utilities,2025-10-16,0.0005
DUK,DUKE ENERGY ,Utilities,2025-10-16,0.0295
ED,"CONSOLIDATED EDISON, INC.",Utilities,2025-10-16,0.0055
EIX,EDISON INTERNATIONAL,Utilities,2025-10-16,0.026
ES,EVERSOURCE ENERGY,Utilities,2025-10-16,0.0031
ETR,ENTERGY ,Utilities,2025-10-16,0.0304
EVRG,"EVERGY, INC.",Utilities,2025-10-16,0.0195
EXC,EXELON ,Utilities,2025-10-16,0.0522
FE,FIRSTENERGY CORP.,Utilities,2025-10-16,0.0212
LNT,ALLIANT ENERGY ,Utilities,2025-10-16,0.0028
NEE,"NEXTERA ENERGY, INC.",Utilities,2025-10-16,0.1266
NI,NISOURCE INC.,Utilities,2025-10-16,-0.0018
NRG,"NRG ENERGY, INC.",Utilities,2025-10-16,0.0493
PCG,PG&E ,Utilities,2025-10-16,0.0942
PEG,PUBLIC SERVICE ENTERPRISE GROUP INC.,Utilities,2025-10-16,0.0105
PNW,PINNACLE WEST CAPITAL ,Utilities,2025-10-16,0.0373
PPL,PPL ,Utilities,2025-10-16,0.004
SO,THE SOUTHERN COMPANY,Utilities,2025-10-16,0.0386
SRE,SEMPRA,Utilities,2025-10-16,0.0129
VST,VISTRA CORP.,Utilities,2025-10-16,0.0739
WEC,"WEC ENERGY GROUP, INC.",Utilities,2025-10-16,0.014
XEL,XCEL ENERGY INC.,Utilities,2025-10-16,0.0056
FVX,5 YR TSY YLD NDX,Yields,2025-10-16,-0.0483
TNX,10 Y TSY YLD NDX,Yields,2025-10-16,-0.0411
TYX,30 Y TSY YLD NDX,Yields,2025-10-16,-0.0317
ASC,ARDMORE SHIPPING ,,2025-10-16,-0.0556
BTC=F,BITCOIN FUTURES,,2025-10-16,-0.0535
BTI,BRITISH AMERICAN TOBACCO P.L.C.,,2025-10-16,-0.0365
BTU,PEABODY ENERGY ,,2025-10-16,0.25
CCJ,CAMECO ,,2025-10-16,0.0867
CIVI,"CIVITAS RESOURCES, INC.",,2025-10-16,-0.1391
CMBT,CMB.TECH NV,,2025-10-16,0.0256
CMRE,COSTAMARE INC.,,2025-10-16,-0.0369
CNR,"CORE NATURAL RESOURCES, INC.",,2025-10-16,0.1127
CPER,UNITED STATES COPPER IDX,,2025-10-16,0.028
CRESY,CRESUD INC.,,2025-10-16,0.0402
DBB,INVESCO DB MS BMTL,,2025-10-16,0.0263
DHT,"DHT HOLDINGS, INC.",,2025-10-16,-0.0059
DIA,SPDR DOW JONES INDUS AVG,,2025-10-16,-0.009
DJI,DOW JONES INDUSTRIAL AVERAGE INDEX,,2025-10-16,-0.0096
EC,ECOPETROL SA,,2025-10-16,-0.0239
ECH,ISHARES:MSCI CHILE,,2025-10-16,0.0133
EDEN,ISHARES:MSCI DENMARK,,2025-10-16,0.0271
EFNL,ISHARES:MSCI FINLAND,,2025-10-16,0.0192
EIDO,ISHARES:MSCI INDONESIA,,2025-10-16,-0.0108
EIRL,ISHARES:MSCI IRELAND,,2025-10-16,0.0049
EIS,ISHARES:MSCI ISRAEL,,2025-10-16,-0.0241
ENZL,ISHARES:MSCI NEW ZLND,,2025-10-16,-0.0111
EPHE,ISHARES:MSCI PHILIPPINES,,2025-10-16,0.0233
EPOL,ISHARES:MSCI POLAND,,2025-10-16,0.0196
EPU,ISHARES:MSCI PERU,,2025-10-16,0.0496
ES=F,E-MINI S&P 500 FUTURES,,2025-10-16,-0.0109
EWA,ISHARES:MSCI AUSTRALIA,,2025-10-16,-0.0011
EWC,ISHARES:MSCI CANADA,,2025-10-16,0.0014
EWD,ISHARES:MSCI SWEDEN,,2025-10-16,0.0127
EWG,ISHARES:MSCI GERMANY,,2025-10-16,-0.0005
EWH,ISHARES:MSCI HONG KONG,,2025-10-16,-0.026
EWI,ISHARES:MSCI ITALY,,2025-10-16,-0.0206
EWJ,ISHARES:MSCI JAPAN,,2025-10-16,0.0167
EWK,ISHARES:MSCI BELGIUM,,2025-10-16,0.0388
EWL,ISHARES:MSCI SWITZERLAND,,2025-10-16,0.0404
EWM,ISHARES:MSCI MALAYSIA,,2025-10-16,-0.0131
EWN,ISHARES:MSCI NETHERLANDS,,2025-10-16,0.0083
EWO,ISHARES:MSCI AUSTRIA,,2025-10-16,-0.001
EWP,ISHARES:MSCI SPAIN,,2025-10-16,-0.0014
EWQ,ISHARES:MSCI FRANCE,,2025-10-16,0.0278
EWS,ISHARES:MSCI SINGAPORE,,2025-10-16,-0.0127
EWT,ISHARES:MSCI TAIWAN,,2025-10-16,0.0244
EWU,ISHARES:MSCI UK,,2025-10-16,0.0005
EWW,ISHARES:MSCI MEXICO,,2025-10-16,-0.017
EWY,ISHARES:MSCI S KOREA,,2025-10-16,0.0971
EWZ,ISHARES:MSCI BRAZIL,,2025-10-16,-0.0568
FRO,FRONTLINE PLC,,2025-10-16,0.0097
FTI,TECHNIPFMC PLC,,2025-10-16,-0.0951
FXA,INVESCO:AU DOLLAR,,2025-10-16,-0.0201
FXB,INVESCO:GBP STERLING,,2025-10-16,-0.0018
FXC,INVESCO:CANADIAN DOLLAR,,2025-10-16,-0.01
FXE,INVESCO:EURO,,2025-10-16,-0.0047
FXY,INVESCO:JAPANESE YEN,,2025-10-16,-0.0174
GDX,VANECK:GOLD MINERS,,2025-10-16,0.1052
GDXJ,VANECK:JR GOLD MINERS,,2025-10-16,0.1279
GEOS,GEOSPACE TECHNOLOGIES ,,2025-10-16,0.1255
GGB,GERDAU SA,,2025-10-16,0.0484
GLATF,GLOBAL ATOMIC ,,2025-10-16,-0.2963
GNK,GENCO SHIPPING & TRADING LIMITED,,2025-10-16,-0.0848
GREK,GLBL X MSCI GREECE,,2025-10-16,-0.0082
HLX,"HELIX ENERGY SOLUTIONS GROUP, INC.",,2025-10-16,-0.0457
ICL,ICL GROUP LTD,,2025-10-16,0.0
INDA,ISHARES:MSCI INDIA,,2025-10-16,0.0384
IWD,ISHARES:RUSS 1000 VL ETF,,2025-10-16,-0.0086
IWF,ISHARES:RUSS 1000 GR ETF,,2025-10-16,-0.0078
IWM,ISHARES:RUSS 2000 ETF,,2025-10-16,0.0128
MCHI,ISHARES:MSCI CHINA,,2025-10-16,-0.0372
MDY,SPDR S&P MIDCAP 400 ETF,,2025-10-16,-0.0141
MP,MP MATERIALS CORP,,2025-10-16,0.25
MTUM,ISHARES:MSCI USA MOM FCT,,2025-10-16,-0.0139
NDX,NASDAQ 100 INDEX,,2025-10-16,-0.0009
NORW,GLBL X MSCI NORWAY ETF,,2025-10-16,-0.0285
NOV,NOV INC.,,2025-10-16,-0.0423
NQ=F,NASDAQ 100 FUTURES,,2025-10-16,-0.0029
OEF,ISHARES:S&P 100,,2025-10-16,-0.0061
PAM,PAMPA ENERGIA SA,,2025-10-16,0.0791
PBR,BRAZILIAN PETROLEUM  - PETROBRAS,,2025-10-16,-0.0869
POWA,INVESCO BLOOMBERG PRICING POWER,,2025-10-16,-0.0057
QAT,ISHARES:MSCI QATAR,,2025-10-16,-0.0205
QQQ,INVESCO QQQ TRUST 1,,2025-10-16,-0.0006
QUAL,ISHARES:MSCI USA QF,,2025-10-16,-0.0114
RIG,TRANSOCEAN LTD,,2025-10-16,0.0353
ROKU,"ROKU, INC.",,2025-10-16,-0.0479
RSP,INVESCO S&P500 EWGHT,,2025-10-16,-0.0139
RUT,RUSSELL 2000 INDEX,,2025-10-16,0.0125
SBLK,STAR BULK CARRIERS CORP.,,2025-10-16,-0.0592
SD,"SANDRIDGE ENERGY, INC.",,2025-10-16,0.0098
SDY,SPDR S&P DIVIDEND,,2025-10-16,-0.0124
SILJ,ETFMG PRIME JR SILVR MNR,,2025-10-16,0.1654
SLV,ISHARES:SILVER TRUST,,2025-10-16,0.1605
SPHB,INVESCO S&P500 HI BE,,2025-10-16,0.0129
SPLV,INVESCO S&P500 LOWVL,,2025-10-16,-0.0197
SPX,S&P 500 INDEX,,2025-10-16,-0.0089
SPY,SPDR S&P 500 ETF,,2025-10-16,-0.0083
STLA,STELLANTIS NV,,2025-10-16,0.0953
STNG,SCORPIO TANKERS INC.,,2025-10-16,-0.0057
TDW,TIDEWATER INC.,,2025-10-16,-0.0808
TECK,TECK RESOURCES LIMITED,,2025-10-16,0.0093
THD,ISHARES:MSCI THAI,,2025-10-16,0.0146
TS,TENARIS SA,,2025-10-16,-0.0394
TUR,ISHARES:MSCI TURKEY,,2025-10-16,-0.0552
URNM,SPROTT URANIUM MINERS,,2025-10-16,0.0487
VAL,VALARIS LIMITED,,2025-10-16,-0.0127
VIX,CBOE MKT VOLATILITY IDX,,2025-10-16,0.5547
VNM,VANECK:VIETNAM,,2025-10-16,0.1009
VXN,CBOE NASDAQ MKT VOL NDX,,2025-10-16,0.413
XES,SPDR S&P OIL&GAS E&S,,2025-10-16,-0.0235
XLB,SEL SECTOR:MATRLS SPDR,,2025-10-16,-0.0175
XLC,SEL SECTOR:COMM SVC SPDR,,2025-10-16,-0.0355
XLE,SEL SECTOR:ENERGY SPDR,,2025-10-16,-0.0454
XLF,SEL SECTOR:FINL S SPDR,,2025-10-16,-0.0392
XLI,SEL SECTOR:INDUST SPDR,,2025-10-16,-0.0171
XLK,SEL SECTOR:TECH SPDR,,2025-10-16,0.0094
XLP,SEL SECTOR:C STP SPDR,,2025-10-16,0.004
XLRE,SEL SECTOR:RL EST SPDR,,2025-10-16,-0.0085
XLU,SEL SECTOR:UTIL SPDR,,2025-10-16,0.0537
XLV,SEL SECTOR:H CARE SPDR,,2025-10-16,0.0226
XLY,SEL SECTOR:C DSC SPDR,,2025-10-16,-0.0301
XOP,SPDR S&P OIL&GAS EXP,,2025-10-16,-0.0674
