Ticker,Ticker_name,Category,Date,Close,day_pct_change,week_pct_change,month_pct_change,quarter_pct_change
EDV,VANGUARD EXT DUR T;ETF,Bonds,2025-10-15,69.47,-0.0033,0.0001,0.0149,0.0149
HYG,ISHARES:IBOXX $HY CORP,Bonds,2025-10-15,80.8,0.0032,0.0106,-0.0048,-0.0048
IEF,ISHARES:7-10 TRS BD ETF,Bonds,2025-10-15,97.1,-0.0011,0.002,0.0066,0.0066
LQD,ISHARES:IBOXX $IG CORP,Bonds,2025-10-15,112.1,0.0,0.0067,0.0057,0.0057
SHY,ISHARES:1-3 TRS BD ETF,Bonds,2025-10-15,82.99,-0.0005,0.0007,0.0004,0.0004
STIP,ISHARES:0-5 TIPS BD ETF,Bonds,2025-10-15,103.38,-0.0005,0.0006,0.0002,0.0002
TIP,ISHARES:TIPS BD ETF,Bonds,2025-10-15,111.64,-0.0003,0.0012,0.0038,0.0038
TLT,ISHARES:20+ TRS BD ETF,Bonds,2025-10-15,90.66,-0.0022,0.0004,0.0144,0.0144
CPER,UNITED STATES COPPER IDX,Commodities,2025-10-15,30.74,-0.0036,0.0155,0.0247,0.0247
DBB,INVESCO DB MS BMTL,Commodities,2025-10-15,20.86,-0.0005,0.0019,0.0156,0.0156
GDX,VANECK:GOLD MINERS,Commodities,2025-10-15,81.47,0.0378,0.0751,0.0664,0.0664
GDXJ,VANECK:JR GOLD MINERS,Commodities,2025-10-15,108.48,0.0458,0.0859,0.0954,0.0954
GLD,SPDR GOLD,Commodities,2025-10-15,387.39,0.0172,0.0495,0.0898,0.0898
SILJ,ETFMG PRIME JR SILVR MNR,Commodities,2025-10-15,26.08,0.0511,0.1117,0.1295,0.1295
SLV,ISHARES:SILVER TRUST,Commodities,2025-10-15,48.33,0.0322,0.0638,0.1407,0.1407
UNG,UNITED STATES NAT GAS,Commodities,2025-10-15,11.88,-0.0059,-0.0365,-0.091,-0.091
USO,UNITED STATES OIL FUND,Commodities,2025-10-15,68.99,-0.0001,-0.0058,-0.0645,-0.0645
APP,APPLOVIN CORP,Communication Services,2025-10-15,602.3,0.0206,0.0569,-0.1618,-0.1618
CHTR,"CHARTER COMMUNICATIONS, INC.",Communication Services,2025-10-15,264.56,-0.0064,0.0195,-0.0383,-0.0383
CMCSA,COMCAST ,Communication Services,2025-10-15,29.72,-0.009,0.0088,-0.0541,-0.0541
DIS,THE WALT DISNEY COMPANY,Communication Services,2025-10-15,111.71,0.0048,0.0231,-0.0244,-0.0244
EA,ELECTRONIC ARTS INC.,Communication Services,2025-10-15,200.75,0.0027,0.0036,-0.0047,-0.0047
FOXA,FOX ,Communication Services,2025-10-15,57.55,-0.0097,0.0049,-0.0874,-0.0874
GOOGL,ALPHABET INC.,Communication Services,2025-10-15,251.03,0.0225,0.0611,0.0326,0.0326
IPG,THE INTERPUBLIC GROUP,Communication Services,2025-10-15,27.04,0.0093,0.0352,-0.0312,-0.0312
LYV,"LIVE NATION ENTERTAINMENT, INC.",Communication Services,2025-10-15,155.23,0.0156,0.0148,-0.05,-0.05
META,"META PLATFORMS, INC.",Communication Services,2025-10-15,717.55,0.0125,0.0174,-0.0229,-0.0229
MTCH,"MATCH GROUP, INC.",Communication Services,2025-10-15,32.87,0.0132,0.0452,-0.0694,-0.0694
NFLX,"NETFLIX, INC.",Communication Services,2025-10-15,1203.29,-0.01,-0.0138,0.0036,0.0036
NWSA,NEWS CORP.,Communication Services,2025-10-15,26.57,-0.0026,0.0306,-0.1348,-0.1348
OMC,OMNICOM GROUP INC.,Communication Services,2025-10-15,79.31,0.0096,0.0367,-0.0272,-0.0272
PSKY,PARAMOUNT SKYDANCE ,Communication Services,2025-10-15,17.43,0.0081,0.0253,-0.0788,-0.0788
T,AT&T INC.,Communication Services,2025-10-15,26.07,-0.0023,0.0077,-0.0768,-0.0768
TKO,"TKO GROUP HOLDINGS, INC.",Communication Services,2025-10-15,191.21,0.0065,0.0222,-0.0532,-0.0532
TMUS,"T-MOBILE US, INC.",Communication Services,2025-10-15,226.65,-0.0121,-0.0094,-0.0532,-0.0532
TTD,"THE TRADE DESK, INC.",Communication Services,2025-10-15,51.1,0.0073,-0.0241,0.0426,0.0426
TTWO,"TAKE-TWO INTERACTIVE SOFTWARE, INC.",Communication Services,2025-10-15,261.5,0.0146,0.0378,0.0122,0.0122
VZ,VERIZON COMMUNICATIONS INC.,Communication Services,2025-10-15,40.38,-0.0042,0.0133,-0.0812,-0.0812
WBD,"WARNER BROS. DISCOVERY, INC.",Communication Services,2025-10-15,18.45,0.0258,0.0789,-0.0553,-0.0553
ABNB,"AIRBNB, INC.",Consumer Discretionary,2025-10-15,124.26,0.0111,0.0514,0.0234,0.0234
AMZN,"AMAZON.COM, INC.",Consumer Discretionary,2025-10-15,215.57,-0.0038,-0.0037,-0.0182,-0.0182
APTV,APTIV PLC,Consumer Discretionary,2025-10-15,83.64,0.0109,0.0364,-0.0299,-0.0299
AZO,"AUTOZONE, INC.",Consumer Discretionary,2025-10-15,4027.03,-0.0072,-0.0118,-0.0614,-0.0614
BBY,"BEST BUY CO., INC.",Consumer Discretionary,2025-10-15,78.41,0.0154,0.1133,0.0369,0.0369
BKNG,BOOKING HOLDINGS INC.,Consumer Discretionary,2025-10-15,5080.86,-0.0385,-0.0163,-0.059,-0.059
CCL,CARNIVAL CORP,Consumer Discretionary,2025-10-15,28.84,-0.0042,0.0415,-0.0024,-0.0024
CMG,"CHIPOTLE MEXICAN GRILL, INC.",Consumer Discretionary,2025-10-15,41.77,-0.0079,0.049,0.0658,0.0658
DASH,"DOORDASH, INC.",Consumer Discretionary,2025-10-15,272.61,0.0076,0.0248,0.0023,0.0023
DECK,DECKERS OUTDOOR ,Consumer Discretionary,2025-10-15,96.44,-0.029,0.0144,-0.0486,-0.0486
DHI,"D.R. HORTON, INC.",Consumer Discretionary,2025-10-15,155.24,-0.0096,0.0241,-0.084,-0.084
DPZ,"DOMINO'S PIZZA, INC.",Consumer Discretionary,2025-10-15,417.46,-0.0161,0.0273,-0.033,-0.033
DRI,"DARDEN RESTAURANTS, INC.",Consumer Discretionary,2025-10-15,188.36,0.0072,0.0397,-0.0105,-0.0105
EBAY,EBAY INC.,Consumer Discretionary,2025-10-15,90.87,-0.0021,0.0262,-0.0009,-0.0009
EXPE,"EXPEDIA GROUP, INC.",Consumer Discretionary,2025-10-15,218.43,-0.0212,0.0385,0.0219,0.0219
F,FORD MOTOR COMPANY,Consumer Discretionary,2025-10-15,11.76,0.0094,0.0307,-0.0167,-0.0167
GM,GENERAL MOTORS COMPANY,Consumer Discretionary,2025-10-15,57.8,0.0113,0.0443,-0.052,-0.052
GPC,GENUINE PARTS COMPANY,Consumer Discretionary,2025-10-15,133.55,-0.0008,0.0246,-0.0364,-0.0364
GRMN,GARMIN LTD,Consumer Discretionary,2025-10-15,249.43,0.0004,0.0056,0.013,0.013
HAS,"HASBRO, INC.",Consumer Discretionary,2025-10-15,74.13,0.0134,0.0448,-0.0227,-0.0227
HD,"THE HOME DEPOT, INC.",Consumer Discretionary,2025-10-15,388.3,0.0015,0.0334,-0.0417,-0.0417
HLT,HILTON WORLDWIDE HOLDINGS INC.,Consumer Discretionary,2025-10-15,265.11,-0.0123,0.0215,0.0219,0.0219
KMX,"CARMAX, INC.",Consumer Discretionary,2025-10-15,44.42,0.0095,0.029,-0.01,-0.01
LEN,LENNAR ,Consumer Discretionary,2025-10-15,122.44,0.0017,0.0309,-0.0286,-0.0286
LKQ,LKQ ,Consumer Discretionary,2025-10-15,29.74,-0.0029,0.037,-0.0262,-0.0262
LOW,"LOWE'S COMPANIES, INC.",Consumer Discretionary,2025-10-15,241.53,0.0032,0.0401,-0.0389,-0.0389
LULU,LULULEMON ATHLETICA INC.,Consumer Discretionary,2025-10-15,167.1,-0.0121,-0.0024,-0.0609,-0.0609
LVS,LAS VEGAS SANDS CORP.,Consumer Discretionary,2025-10-15,49.03,0.0204,-0.0117,-0.0885,-0.0885
MAR,"MARRIOTT INTERNATIONAL, INC.",Consumer Discretionary,2025-10-15,266.19,-0.0067,0.023,0.0221,0.0221
MCD,MCDONALD'S ,Consumer Discretionary,2025-10-15,305.25,0.0023,0.0277,0.0045,0.0045
MGM,MGM RESORTS INTERNATIONAL,Consumer Discretionary,2025-10-15,32.17,-0.0087,0.0285,-0.0718,-0.0718
MHK,"MOHAWK INDUSTRIES, INC.",Consumer Discretionary,2025-10-15,127.45,0.0137,0.0843,-0.0114,-0.0114
NCLH,NORWEGIAN CRUISE LINE HOLDINGS LTD.,Consumer Discretionary,2025-10-15,23.58,-0.0072,0.0503,-0.0426,-0.0426
NKE,"NIKE, INC.",Consumer Discretionary,2025-10-15,68.46,0.0121,0.0497,-0.0182,-0.0182
NVR,"NVR, INC.",Consumer Discretionary,2025-10-15,7645.22,-0.0119,0.0261,-0.0485,-0.0485
ORLY,"O'REILLY AUTOMOTIVE, INC.",Consumer Discretionary,2025-10-15,102.12,-0.0091,-0.0003,-0.0528,-0.0528
PHM,"PULTEGROUP, INC.",Consumer Discretionary,2025-10-15,124.68,-0.0017,0.0387,-0.0564,-0.0564
POOL,POOL ,Consumer Discretionary,2025-10-15,290.44,-0.0171,0.0018,-0.0633,-0.0633
RCL,ROYAL CARIBBEAN CRUISES LTD.,Consumer Discretionary,2025-10-15,311.16,-0.0086,0.0215,-0.0384,-0.0384
RL,RALPH LAUREN ,Consumer Discretionary,2025-10-15,318.44,0.0016,0.0292,0.0156,0.0156
ROST,"ROSS STORES, INC.",Consumer Discretionary,2025-10-15,156.99,0.0111,0.0628,0.0302,0.0302
SBUX,STARBUCKS ,Consumer Discretionary,2025-10-15,82.86,0.0209,0.0561,-0.0206,-0.0206
TJX,"THE TJX COMPANIES, INC.",Consumer Discretionary,2025-10-15,145.16,0.0073,0.0341,0.0043,0.0043
TPR,"TAPESTRY, INC.",Consumer Discretionary,2025-10-15,116.69,0.0037,0.0783,0.0306,0.0306
TSCO,TRACTOR SUPPLY COMPANY,Consumer Discretionary,2025-10-15,55.81,0.0059,0.0289,-0.0186,-0.0186
TSLA,"TESLA, INC.",Consumer Discretionary,2025-10-15,435.15,0.0137,0.0524,-0.0215,-0.0215
ULTA,"ULTA BEAUTY, INC.",Consumer Discretionary,2025-10-15,538.49,-0.0047,-0.0196,-0.0151,-0.0151
WSM,"WILLIAMS-SONOMA, INC.",Consumer Discretionary,2025-10-15,190.06,-0.0075,0.0475,-0.0276,-0.0276
WYNN,"WYNN RESORTS, LIMITED",Consumer Discretionary,2025-10-15,118.07,0.0167,-0.0152,-0.0795,-0.0795
YUM,"YUM! BRANDS, INC.",Consumer Discretionary,2025-10-15,144.51,0.0037,0.0204,-0.0493,-0.0493
ADM,ARCHER-DANIELS-MIDLAND COMPANY.,Consumer Staples,2025-10-15,63.38,0.0244,0.0417,0.0609,0.0609
BF.B,BROWN-FORMAN ,Consumer Staples,2025-10-15,27.16,-0.0135,0.0172,0.003,0.003
BG,BUNGE LIMITED,Consumer Staples,2025-10-15,93.09,0.1219,0.1525,0.1457,0.1457
CAG,"CONAGRA BRANDS, INC.",Consumer Staples,2025-10-15,18.34,-0.0087,-0.0129,0.0016,0.0016
CHD,"CHURCH & DWIGHT CO., INC.",Consumer Staples,2025-10-15,86.38,-0.0063,-0.0151,-0.0143,-0.0143
CL,COLGATE-PALMOLIVE COMPANY,Consumer Staples,2025-10-15,77.63,-0.0099,-0.0042,-0.0289,-0.0289
CLX,THE CLOROX COMPANY,Consumer Staples,2025-10-15,118.36,-0.0082,-0.0148,-0.0401,-0.0401
COST,COSTCO WHOLESALE ,Consumer Staples,2025-10-15,954.99,0.0089,0.0269,0.0317,0.0317
CPB,CAMPBELL SOUP COMPANY,Consumer Staples,2025-10-15,30.15,-0.0063,-0.0079,-0.0453,-0.0453
DG,DOLLAR GENERAL ,Consumer Staples,2025-10-15,106.32,0.0249,0.0716,0.0287,0.0287
DLTR,"DOLLAR TREE, INC.",Consumer Staples,2025-10-15,95.97,0.0041,0.0954,0.017,0.017
EL,THE ESTEE LAUDER COMPANIES INC.,Consumer Staples,2025-10-15,95.27,0.0028,0.0869,0.0811,0.0811
GIS,"GENERAL MILLS, INC.",Consumer Staples,2025-10-15,47.74,-0.0174,-0.0324,-0.0532,-0.0532
HRL,HORMEL FOODS ,Consumer Staples,2025-10-15,23.65,-0.0114,-0.0034,-0.0441,-0.0441
HSY,THE HERSHEY COMPANY,Consumer Staples,2025-10-15,191.6,0.0114,-0.0028,0.0243,0.0243
K,KELLANOVA,Consumer Staples,2025-10-15,82.79,-0.0019,-0.0008,0.0094,0.0094
KDP,KEURIG DR PEPPER INC.,Consumer Staples,2025-10-15,26.93,0.009,0.043,0.0557,0.0557
KHC,THE KRAFT HEINZ COMPANY,Consumer Staples,2025-10-15,25.19,-0.0099,0.0016,-0.0326,-0.0326
KMB,KIMBERLY-CLARK ,Consumer Staples,2025-10-15,119.92,-0.0021,0.0029,-0.0355,-0.0355
KO,THE COCA-COLA COMPANY,Consumer Staples,2025-10-15,67.08,-0.0064,0.0006,0.0115,0.0115
KR,THE KROGER CO.,Consumer Staples,2025-10-15,69.1,-0.0004,0.0195,0.0251,0.0251
KVUE,KENVUE INC.,Consumer Staples,2025-10-15,16.26,0.0068,-0.0234,0.0018,0.0018
LW,"LAMB WESTON HOLDINGS, INC.",Consumer Staples,2025-10-15,63.98,-0.0028,0.0036,0.1016,0.1016
MDLZ,"MONDELEZ INTERNATIONAL, INC.",Consumer Staples,2025-10-15,61.66,-0.0076,0.0034,-0.013,-0.013
MKC,"MCCORMICK & COMPANY, INC.",Consumer Staples,2025-10-15,65.3,-0.0076,-0.0204,-0.0241,-0.0241
MNST,MONSTER BEVERAGE ,Consumer Staples,2025-10-15,68.65,0.0006,-0.0139,0.0199,0.0199
MO,"ALTRIA GROUP, INC.",Consumer Staples,2025-10-15,64.87,-0.0081,-0.0251,-0.018,-0.018
PEP,"PEPSICO, INC.",Consumer Staples,2025-10-15,151.16,-0.0025,0.0072,0.0763,0.0763
PG,THE PROCTER & GAMBLE COMPANY,Consumer Staples,2025-10-15,147.42,-0.0117,-0.0152,-0.0405,-0.0405
PM,PHILIP MORRIS INTERNATIONAL INC.,Consumer Staples,2025-10-15,157.73,-0.0085,-0.0171,-0.0276,-0.0276
SJM,THE J. M. SMUCKER COMPANY,Consumer Staples,2025-10-15,103.52,0.0107,-0.0117,-0.0468,-0.0468
STZ,"CONSTELLATION BRANDS, INC.",Consumer Staples,2025-10-15,138.89,-0.0168,-0.0173,0.0313,0.0313
SYY,SYSCO ,Consumer Staples,2025-10-15,80.09,-0.0006,0.0209,-0.0273,-0.0273
TAP,MOLSON COORS BEVERAGE COMPANY,Consumer Staples,2025-10-15,46.37,-0.0077,0.0087,0.0248,0.0248
TGT,TARGET ,Consumer Staples,2025-10-15,90.91,0.0217,0.0629,0.0135,0.0135
TSN,"TYSON FOODS, INC.",Consumer Staples,2025-10-15,52.81,-0.0008,0.0136,-0.0274,-0.0274
WMT,WALMART INC.,Consumer Staples,2025-10-15,109.03,0.0168,0.0706,0.0579,0.0579
FXA,INVESCO:AU DOLLAR,Currencies,2025-10-15,64.43,0.0037,0.0041,-0.0166,-0.0166
FXB,INVESCO:GBP STERLING,Currencies,2025-10-15,128.73,0.0047,0.0034,-0.0054,-0.0054
FXC,INVESCO:CANADIAN DOLLAR,Currencies,2025-10-15,69.56,-0.0003,-0.0034,-0.0101,-0.0101
FXE,INVESCO:EURO,Currencies,2025-10-15,107.43,0.0033,0.0025,-0.0087,-0.0087
FXY,INVESCO:JAPANESE YEN,Currencies,2025-10-15,60.8,0.0026,0.002,-0.0227,-0.0227
UUP,INVESCO DB USD IDX BL,Currencies,2025-10-15,27.83,-0.0029,-0.0022,0.0116,0.0116
APA,APA ,Energy,2025-10-15,23.24,0.0143,0.0593,-0.0428,-0.0428
BKR,BAKER HUGHES COMPANY,Energy,2025-10-15,44.47,-0.0081,-0.0127,-0.0872,-0.0872
COP,CONOCOPHILLIPS,Energy,2025-10-15,87.74,-0.0049,0.0011,-0.0724,-0.0724
CTRA,COTERRA ENERGY INC.,Energy,2025-10-15,23.2,-0.0004,0.0198,-0.019,-0.019
CVX,CHEVRON ,Energy,2025-10-15,152.11,-0.0018,0.0216,-0.0205,-0.0205
DVN,DEVON ENERGY ,Energy,2025-10-15,32.61,-0.0031,0.0034,-0.0699,-0.0699
EOG,"EOG RESOURCES, INC.",Energy,2025-10-15,108.63,-0.0045,0.0052,-0.0311,-0.0311
EQT,EQT ,Energy,2025-10-15,55.44,0.0396,0.0437,0.0186,0.0186
EXE,EXPAND ENERGY ,Energy,2025-10-15,103.17,0.0177,0.014,-0.0289,-0.0289
FANG,"DIAMONDBACK ENERGY, INC.",Energy,2025-10-15,141.94,0.0008,0.0152,-0.0081,-0.0081
HAL,HALLIBURTON COMPANY,Energy,2025-10-15,22.39,-0.0022,0.0191,-0.0898,-0.0898
KMI,"KINDER MORGAN, INC.",Energy,2025-10-15,27.61,0.0109,0.0188,-0.0247,-0.0247
MPC,MARATHON PETROLEUM ,Energy,2025-10-15,183.83,0.0039,0.0163,-0.0462,-0.0462
OKE,"ONEOK, INC.",Energy,2025-10-15,68.92,-0.0095,-0.0025,-0.0555,-0.0555
OXY,OCCIDENTAL PETROLEUM ,Energy,2025-10-15,41.88,-0.0095,-0.0064,-0.1137,-0.1137
PSX,PHILLIPS 66,Energy,2025-10-15,129.57,-0.0098,0.0222,-0.0474,-0.0474
SLB,SCHLUMBERGER N.V.,Energy,2025-10-15,32.57,0.0,0.0268,-0.0524,-0.0524
TPL,TEXAS PACIFIC LAND ,Energy,2025-10-15,926.75,0.021,0.0422,-0.0074,-0.0074
TRGP,TARGA RESOURCES CORP.,Energy,2025-10-15,151.06,0.0045,-0.0089,-0.0984,-0.0984
VLO,VALERO ENERGY ,Energy,2025-10-15,160.98,-0.0075,0.0187,-0.0545,-0.0545
WMB,"THE WILLIAMS COMPANIES, INC.",Energy,2025-10-15,63.78,0.0225,0.0187,0.0068,0.0068
XOM,EXXON MOBIL ,Energy,2025-10-15,111.61,-0.0061,0.0079,-0.0101,-0.0101
ACGL,ARCH CAPITAL GROUP LTD.,Financials,2025-10-15,89.57,-0.0293,-0.0314,-0.0128,-0.0128
AFL,AFLAC INC.,Financials,2025-10-15,109.81,-0.0154,-0.0103,-0.0169,-0.0169
AIG,"AMERICAN INTERNATIONAL GROUP, INC.",Financials,2025-10-15,81.26,-0.0201,-0.0005,0.0346,0.0346
AIZ,"ASSURANT, INC.",Financials,2025-10-15,214.85,-0.0319,-0.0116,-0.0081,-0.0081
AJG,ARTHUR J. GALLAGHER & CO.,Financials,2025-10-15,296.16,-0.0252,-0.0185,-0.0438,-0.0438
ALL,THE ALLSTATE ,Financials,2025-10-15,200.42,-0.0444,-0.0255,-0.0663,-0.0663
AMP,"AMERIPRISE FINANCIAL, INC.",Financials,2025-10-15,481.27,-0.0108,0.0038,-0.0203,-0.0203
AON,AON PLC,Financials,2025-10-15,355.8,-0.0132,-0.0121,-0.0022,-0.0022
APO,"APOLLO GLOBAL MANAGEMENT, INC.",Financials,2025-10-15,127.7,0.0005,0.0802,-0.0418,-0.0418
AXP,AMERICAN EXPRESS COMPANY,Financials,2025-10-15,330.66,-0.0066,0.0455,-0.0045,-0.0045
BAC,BANK OF AMERICA ,Financials,2025-10-15,52.28,0.0428,0.0746,0.0134,0.0134
BEN,"FRANKLIN RESOURCES, INC.",Financials,2025-10-15,22.79,-0.0057,0.0053,-0.0147,-0.0147
BK,THE BANK OF NEW YORK MELLON ,Financials,2025-10-15,108.93,0.0168,0.042,-0.0003,-0.0003
BLK,"BLACKROCK, INC.",Financials,2025-10-15,1202.59,0.007,0.062,0.0315,0.0315
BRK.B,"BERKSHIRE HATHAWAY INC.,",Financials,2025-10-15,496.39,0.0008,0.0148,-0.0126,-0.0126
BRO,"BROWN & BROWN, INC.",Financials,2025-10-15,93.97,-0.0085,-0.0205,0.0019,0.0019
BX,BLACKSTONE INC,Financials,2025-10-15,163.91,-0.0004,0.0659,-0.0406,-0.0406
C,CITIGROUP INC.,Financials,2025-10-15,99.78,-0.0006,0.0623,-0.0169,-0.0169
CB,CHUBB LTD,Financials,2025-10-15,278.31,-0.0225,-0.0166,-0.014,-0.014
CBOE,"CBOE GLOBAL MARKETS, INC.",Financials,2025-10-15,241.74,0.0147,-0.0121,-0.0143,-0.0143
CFG,"CITIZENS FINANCIAL GROUP, INC.",Financials,2025-10-15,51.7,-0.0019,0.0497,-0.0275,-0.0275
CINF,CINCINNATI FINANCIAL ,Financials,2025-10-15,156.35,-0.0152,-0.0165,-0.0111,-0.0111
CME,CME GROUP INC.,Financials,2025-10-15,268.15,0.0036,-0.0122,-0.0076,-0.0076
COF,CAPITAL ONE FINANCIAL ,Financials,2025-10-15,215.1,0.0042,0.0623,0.0119,0.0119
COIN,"COINBASE GLOBAL, INC.",Financials,2025-10-15,336.3,-0.0155,-0.058,-0.0035,-0.0035
CPAY,"FLEETCOR TECHNOLOGIES, INC.",Financials,2025-10-15,287.78,-0.0071,0.0274,-0.001,-0.001
EG,"EVEREST GROUP, LTD.",Financials,2025-10-15,348.55,-0.0232,0.0054,-0.0048,-0.0048
ERIE,ERIE INDEMNITY COMPANY,Financials,2025-10-15,318.4,-0.0086,-0.0182,0.0008,0.0008
FDS,FACTSET RESEARCH SYSTEMS INC.,Financials,2025-10-15,283.95,-0.0063,0.0029,-0.0089,-0.0089
FI,"FISERV, INC.",Financials,2025-10-15,121.11,-0.0245,-0.0124,-0.0607,-0.0607
FIS,FIDELITY NATIONAL INFORMATION SERVICES,Financials,2025-10-15,66.56,-0.0176,-0.0046,0.0094,0.0094
FITB,FIFTH THIRD BANCORP,Financials,2025-10-15,42.92,-0.0114,0.035,-0.0366,-0.0366
GL,GLOBE LIFE INC.,Financials,2025-10-15,138.1,-0.0127,0.0154,-0.0341,-0.0341
GPN,GLOBAL PAYMENTS INC.,Financials,2025-10-15,86.1,-0.0043,0.0392,0.0364,0.0364
GS,"THE GOLDMAN SACHS GROUP, INC.",Financials,2025-10-15,767.93,-0.0037,0.0047,-0.0357,-0.0357
HBAN,HUNTINGTON BANCSHARES INC.,Financials,2025-10-15,16.21,-0.008,0.0391,-0.0614,-0.0614
HIG,THE HARTFORD FINANCIAL SERVICES GROUP,Financials,2025-10-15,128.66,-0.0194,-0.0028,-0.0355,-0.0355
HOOD,"ROBINHOOD MARKETS, INC.",Financials,2025-10-15,134.15,-0.0059,-0.0346,-0.0631,-0.0631
IBKR,"INTERACTIVE BROKERS GROUP, INC.",Financials,2025-10-15,69.77,0.0059,0.011,0.014,0.014
ICE,"INTERCONTINENTAL EXCHANGE, INC.",Financials,2025-10-15,157.46,-0.0051,-0.0003,-0.0654,-0.0654
IVZ,INVESCO LTD.,Financials,2025-10-15,23.6,0.0064,0.0503,0.0288,0.0288
JKHY,"JACK HENRY & ASSOCIATES, INC.",Financials,2025-10-15,154.46,0.0022,0.0193,0.0371,0.0371
JPM,JPMORGAN CHASE & CO.,Financials,2025-10-15,305.69,0.0119,0.016,-0.0309,-0.0309
KEY,KEYCORP,Financials,2025-10-15,17.73,-0.0157,0.0308,-0.0514,-0.0514
KKR,KKR & CO. INC.,Financials,2025-10-15,124.46,-0.0121,0.0564,-0.0422,-0.0422
L,LOEWS ,Financials,2025-10-15,100.31,-0.0228,-0.0055,-0.0008,-0.0008
MA,MASTERCARD INC..,Financials,2025-10-15,562.81,-0.009,0.0096,-0.0105,-0.0105
MCO,MOODY'S ,Financials,2025-10-15,478.51,-0.0057,-0.0115,0.0043,0.0043
MET,"METLIFE, INC.",Financials,2025-10-15,81.62,-0.0154,0.0232,-0.0091,-0.0091
MMC,"MARSH & MCLENNAN COMPANIES, INC.",Financials,2025-10-15,203.85,-0.0154,-0.0153,0.0115,0.0115
MS,MORGAN STANLEY,Financials,2025-10-15,162.65,0.046,0.0711,0.0232,0.0232
MSCI,MSCI INC.,Financials,2025-10-15,549.4,-0.0076,0.0045,-0.0317,-0.0317
MTB,M&T BANK ,Financials,2025-10-15,185.03,-0.0108,0.0232,-0.0637,-0.0637
NDAQ,"NASDAQ, INC.",Financials,2025-10-15,89.62,0.0009,0.0081,0.0132,0.0132
NTRS,NORTHERN TRUST ,Financials,2025-10-15,129.88,0.0066,0.0414,-0.0351,-0.0351
PFG,"PRINCIPAL FINANCIAL GROUP, INC.",Financials,2025-10-15,80.9,-0.0048,0.0186,-0.0242,-0.0242
PGR,THE PROGRESSIVE ,Financials,2025-10-15,226.5,-0.0596,-0.0563,-0.0828,-0.0828
PNC,"THE PNC FINANCIAL SERVICES GROUP, INC.",Financials,2025-10-15,182.34,-0.0397,-0.0088,-0.0925,-0.0925
PRU,"PRUDENTIAL FINANCIAL, INC.",Financials,2025-10-15,103.13,-0.0055,0.0404,-0.0059,-0.0059
PYPL,"PAYPAL HOLDINGS, INC.",Financials,2025-10-15,67.98,-0.0171,-0.0266,0.0137,0.0137
RF,REGIONS FINANCIAL ,Financials,2025-10-15,24.74,-0.0168,0.024,-0.0618,-0.0618
RJF,"RAYMOND JAMES FINANCIAL, INC.",Financials,2025-10-15,163.69,0.0071,0.0213,-0.0516,-0.0516
SCHW,THE CHARLES SCHWAB ,Financials,2025-10-15,94.33,0.01,0.0258,-0.0119,-0.0119
SPGI,S&P GLOBAL INC.,Financials,2025-10-15,482.88,-0.0079,-0.0066,-0.0079,-0.0079
STT,STATE STREET ,Financials,2025-10-15,116.71,0.0113,0.0514,0.006,0.006
SYF,SYNCHRONY FINANCIAL,Financials,2025-10-15,72.32,-0.0072,0.0632,0.0179,0.0179
TFC,TRUIST FINANCIAL ,Financials,2025-10-15,43.26,-0.0154,0.0225,-0.0538,-0.0538
TROW,"T. ROWE PRICE GROUP, INC.",Financials,2025-10-15,105.71,-0.004,0.0422,0.0299,0.0299
TRV,"THE TRAVELERS COMPANIES, INC.",Financials,2025-10-15,269.45,-0.0227,-0.0025,-0.035,-0.035
USB,U.S. BANCORP,Financials,2025-10-15,46.45,-0.0137,0.0258,-0.0389,-0.0389
V,VISA INC.,Financials,2025-10-15,345.69,-0.0078,0.0059,0.0126,0.0126
WFC,WELLS FARGO & COMPANY,Financials,2025-10-15,86.46,0.0222,0.1139,0.0315,0.0315
WRB,W. R. BERKLEY ,Financials,2025-10-15,76.39,-0.0267,-0.0162,-0.003,-0.003
WTW,WILLIS TOWERS WATSON,Financials,2025-10-15,339.42,-0.0114,0.0072,-0.0175,-0.0175
XYZ,"BLOCK, INC.",Financials,2025-10-15,76.13,-0.0007,0.0196,0.0534,0.0534
ECH,ISHARES:MSCI CHILE,Foreign,2025-10-15,33.41,0.0184,0.0606,0.0137,0.0137
EDEN,ISHARES:MSCI DENMARK,Foreign,2025-10-15,110.82,0.0017,0.0063,0.0165,0.0165
EFNL,ISHARES:MSCI FINLAND,Foreign,2025-10-15,43.12,0.0045,0.017,0.0075,0.0075
EIDO,ISHARES:MSCI INDONESIA,Foreign,2025-10-15,17.21,-0.0006,-0.0058,-0.0194,-0.0194
EIRL,ISHARES:MSCI IRELAND,Foreign,2025-10-15,66.93,-0.0071,0.0071,-0.0079,-0.0079
EIS,ISHARES:MSCI ISRAEL,Foreign,2025-10-15,99.54,-0.0129,0.0004,-0.0076,-0.0076
ENZL,ISHARES:MSCI NEW ZLND,Foreign,2025-10-15,45.14,0.0016,-0.0144,-0.0172,-0.0172
EPHE,ISHARES:MSCI PHILIPPINES,Foreign,2025-10-15,25.44,-0.0004,0.0229,0.0242,0.0242
EPOL,ISHARES:MSCI POLAND,Foreign,2025-10-15,32.9,0.0209,0.0352,0.0217,0.0217
EPU,ISHARES:MSCI PERU,Foreign,2025-10-15,64.1,0.0126,0.0524,0.0423,0.0423
EWA,ISHARES:MSCI AUSTRALIA,Foreign,2025-10-15,26.89,0.0071,0.017,-0.0041,-0.0041
EWC,ISHARES:MSCI CANADA,Foreign,2025-10-15,50.96,0.0085,0.0221,0.0081,0.0081
EWD,ISHARES:MSCI SWEDEN,Foreign,2025-10-15,47.58,0.0027,0.0141,0.0081,0.0081
EWG,ISHARES:MSCI GERMANY,Foreign,2025-10-15,41.53,-0.0034,0.0002,-0.0019,-0.0019
EWH,ISHARES:MSCI HONG KONG,Foreign,2025-10-15,21.09,0.0014,0.0208,-0.0213,-0.0213
EWI,ISHARES:MSCI ITALY,Foreign,2025-10-15,50.47,-0.0063,0.0032,-0.0285,-0.0285
EWJ,ISHARES:MSCI JAPAN,Foreign,2025-10-15,81.29,0.0155,0.0374,0.0135,0.0135
EWK,ISHARES:MSCI BELGIUM,Foreign,2025-10-15,23.87,0.0055,0.0136,0.028,0.028
EWL,ISHARES:MSCI SWITZERLAND,Foreign,2025-10-15,56.64,0.0055,0.0096,0.0253,0.0253
EWM,ISHARES:MSCI MALAYSIA,Foreign,2025-10-15,25.66,-0.0023,0.013,-0.01,-0.01
EWN,ISHARES:MSCI NETHERLANDS,Foreign,2025-10-15,58.27,0.0088,0.0288,0.0045,0.0045
EWO,ISHARES:MSCI AUSTRIA,Foreign,2025-10-15,30.9,-0.0084,0.0062,-0.0029,-0.0029
EWP,ISHARES:MSCI SPAIN,Foreign,2025-10-15,48.95,-0.0035,0.0128,-0.0111,-0.0111
EWQ,ISHARES:MSCI FRANCE,Foreign,2025-10-15,44.42,0.0065,0.0261,0.0112,0.0112
EWS,ISHARES:MSCI SINGAPORE,Foreign,2025-10-15,28.11,-0.0106,-0.0078,-0.0081,-0.0081
EWT,ISHARES:MSCI TAIWAN,Foreign,2025-10-15,64.99,0.02,0.0547,0.0215,0.0215
EWU,ISHARES:MSCI UK,Foreign,2025-10-15,42.02,-0.001,0.0069,0.0012,0.0012
EWW,ISHARES:MSCI MEXICO,Foreign,2025-10-15,65.87,0.0158,0.023,-0.0343,-0.0343
EWY,ISHARES:MSCI S KOREA,Foreign,2025-10-15,85.17,0.0296,0.0551,0.0633,0.0633
EWZ,ISHARES:MSCI BRAZIL,Foreign,2025-10-15,29.32,0.0075,0.0184,-0.0542,-0.0542
GREK,GLBL X MSCI GREECE,Foreign,2025-10-15,64.67,-0.0025,-0.0119,0.0042,0.0042
INDA,ISHARES:MSCI INDIA,Foreign,2025-10-15,53.76,0.0184,0.0188,0.0327,0.0327
MCHI,ISHARES:MSCI CHINA,Foreign,2025-10-15,63.25,0.0106,0.0303,-0.0395,-0.0395
NORW,GLBL X MSCI NORWAY ETF,Foreign,2025-10-15,29.42,0.0051,0.0124,-0.0262,-0.0262
QAT,ISHARES:MSCI QATAR,Foreign,2025-10-15,19.07,-0.007,-0.0083,-0.0236,-0.0236
THD,ISHARES:MSCI THAI,Foreign,2025-10-15,59.37,0.0144,0.0199,0.0082,0.0082
TUR,ISHARES:MSCI TURKEY,Foreign,2025-10-15,32.56,0.0065,-0.0085,-0.0488,-0.0488
VNM,VANECK:VIETNAM,Foreign,2025-10-15,19.42,-0.0138,0.0232,0.0886,0.0886
BTC=F,BITCOIN FUTURES,Futures,2025-10-15,111170.0,-0.0233,-0.0293,-0.0304,-0.0304
ES=F,E-MINI S&P 500 FUTURES,Futures,2025-10-15,6714.5,0.0028,0.0248,-0.0015,-0.0015
NQ=F,NASDAQ 100 FUTURES,Futures,2025-10-15,24943.75,0.0057,0.0312,0.0043,0.0043
A,"AGILENT TECHNOLOGIES, INC.",Health Care,2025-10-15,139.65,0.0116,0.0222,0.088,0.088
ABBV,ABBVIE INC.,Health Care,2025-10-15,226.22,-0.0128,-0.0186,-0.023,-0.023
ABT,ABBOTT LABORATORIES,Health Care,2025-10-15,129.45,-0.0291,-0.0235,-0.0335,-0.0335
ALGN,"ALIGN TECHNOLOGY, INC.",Health Care,2025-10-15,128.43,-0.0105,0.021,0.0256,0.0256
AMGN,AMGEN INC.,Health Care,2025-10-15,297.32,0.0117,0.0248,0.0536,0.0536
BAX,BAXTER INTERNATIONAL INC.,Health Care,2025-10-15,22.75,-0.0031,0.0364,-0.0009,-0.0009
BDX,"BECTON, DICKINSON AND COMPANY",Health Care,2025-10-15,186.77,-0.0085,0.0011,-0.0021,-0.0021
BIIB,BIOGEN INC.,Health Care,2025-10-15,143.66,-0.0114,-0.0199,0.0256,0.0256
BMY,BRISTOL-MYERS SQUIBB COMPANY,Health Care,2025-10-15,43.61,-0.0043,-0.008,-0.033,-0.033
BSX,BOSTON SCIENTIFIC ,Health Care,2025-10-15,97.71,0.0152,0.0241,0.0008,0.0008
CAH,"CARDINAL HEALTH, INC.",Health Care,2025-10-15,155.67,0.0096,-0.0077,-0.0082,-0.0082
CI,THE CIGNA GROUP,Health Care,2025-10-15,294.57,-0.0253,-0.0205,0.0219,0.0219
CNC,CENTENE ,Health Care,2025-10-15,35.79,-0.018,0.0008,0.0031,0.0031
COO,"THE COOPER COMPANIES, INC.",Health Care,2025-10-15,68.76,-0.035,0.0057,0.0029,0.0029
COR,"CENCORA, INC.",Health Care,2025-10-15,319.61,0.0053,0.0051,0.0227,0.0227
CRL,CHARLES RIVER LABORATORIES,Health Care,2025-10-15,170.72,0.0035,0.0221,0.0911,0.0911
CVS,CVS HEALTH ,Health Care,2025-10-15,80.67,0.0126,0.0356,0.07,0.07
DGX,QUEST DIAGNOSTICS INC.,Health Care,2025-10-15,187.35,0.0105,0.0178,-0.0169,-0.0169
DHR,DANAHER ,Health Care,2025-10-15,206.1,-0.0002,0.018,0.0395,0.0395
DVA,DAVITA INC.,Health Care,2025-10-15,126.0,-0.0049,0.0162,-0.0517,-0.0517
DXCM,"DEXCOM, INC.",Health Care,2025-10-15,65.41,-0.0122,0.0045,-0.0279,-0.0279
ELV,"ELEVANCE HEALTH, INC.",Health Care,2025-10-15,349.49,-0.0028,-0.0106,0.0816,0.0816
EW,EDWARDS LIFESCIENCES ,Health Care,2025-10-15,72.93,-0.0059,-0.0137,-0.0622,-0.0622
GEHC,GE HEALTHCARE TECHNOLOGIES INC.,Health Care,2025-10-15,73.22,0.0121,0.0311,-0.025,-0.025
GILD,"GILEAD SCIENCES, INC.",Health Care,2025-10-15,118.3,-0.0015,0.0096,0.0658,0.0658
HCA,"HCA HEALTHCARE, INC.",Health Care,2025-10-15,420.25,0.0044,0.0123,-0.014,-0.014
HOLX,"HOLOGIC, INC.",Health Care,2025-10-15,67.0,0.0163,-0.0112,-0.0073,-0.0073
HSIC,"HENRY SCHEIN, INC.",Health Care,2025-10-15,63.25,-0.0022,0.0013,-0.047,-0.047
HUM,HUMANA INC.,Health Care,2025-10-15,262.17,0.0021,-0.0644,0.0077,0.0077
IDXX,"IDEXX LABORATORIES, INC.",Health Care,2025-10-15,639.15,0.0035,0.0373,0.0004,0.0004
INCY,INCYTE ,Health Care,2025-10-15,88.15,0.0252,0.0519,0.0394,0.0394
IQV,IQVIA HOLDINGS INC,Health Care,2025-10-15,203.12,-0.008,0.025,0.0694,0.0694
ISRG,"INTUITIVE SURGICAL, INC.",Health Care,2025-10-15,435.61,-0.0018,0.014,-0.026,-0.026
JNJ,JOHNSON & JOHNSON,Health Care,2025-10-15,191.17,0.0017,0.0024,0.031,0.031
LH,LABORATORY  OF AMERICA HOLDINGS,Health Care,2025-10-15,282.75,0.0106,0.0175,-0.015,-0.015
LLY,ELI LILLY AND COMPANY,Health Care,2025-10-15,826.57,0.0174,-0.0083,0.0833,0.0833
MCK,MCKESSON ,Health Care,2025-10-15,791.93,0.0127,0.0372,0.0251,0.0251
MDT,MEDTRONIC PUBLIC LIMITED COMPANY,Health Care,2025-10-15,95.34,-0.0125,-0.0012,0.001,0.001
MOH,"MOLINA HEALTHCARE, INC.",Health Care,2025-10-15,192.39,-0.0129,-0.0086,0.0054,0.0054
MRK,"MERCK & CO., INC.",Health Care,2025-10-15,84.11,-0.007,-0.0219,0.0021,0.0021
MRNA,"MODERNA, INC.",Health Care,2025-10-15,27.72,0.0545,0.0332,0.0732,0.0732
MTD,METTLER-TOLEDO INTERNATIONAL INC.,Health Care,2025-10-15,1304.0,0.0007,0.0238,0.0622,0.0622
PFE,PFIZER INC.,Health Care,2025-10-15,24.39,-0.0053,-0.0157,-0.0428,-0.0428
PODD,INSULET ,Health Care,2025-10-15,312.45,-0.0185,-0.0066,0.012,0.012
REGN,"REGENERON PHARMACEUTICALS, INC.",Health Care,2025-10-15,576.42,0.0066,0.0209,0.0252,0.0252
RMD,RESMED INC.,Health Care,2025-10-15,269.7,-0.0014,-0.0085,-0.0147,-0.0147
RVTY,"REVVITY, INC.",Health Care,2025-10-15,92.12,0.0107,0.0434,0.051,0.051
SOLV,SOLVENTUM ,Health Care,2025-10-15,71.56,0.001,0.0147,-0.0197,-0.0197
STE,STERIS PUBLIC LIMITED COMPANY,Health Care,2025-10-15,236.76,-0.0044,0.0039,-0.0432,-0.0432
SYK,STRYKER ,Health Care,2025-10-15,369.75,-0.0007,0.0141,0.0002,0.0002
TECH,BIO-TECHNE ,Health Care,2025-10-15,59.58,0.0052,0.0157,0.071,0.071
TMO,THERMO FISHER SCIENTIFIC INC.,Health Care,2025-10-15,527.87,0.0039,0.0058,0.0883,0.0883
UHS,"UNIVERSAL HEALTH SERVICES, INC.",Health Care,2025-10-15,205.0,0.0058,0.0453,0.0027,0.0027
UNH,UNITEDHEALTH GROUP INC.,Health Care,2025-10-15,361.15,0.0034,0.0188,0.0459,0.0459
VRTX,VERTEX PHARMACEUTICALS INC.,Health Care,2025-10-15,407.9,-0.0105,0.0003,0.0415,0.0415
VTRS,VIATRIS INC.,Health Care,2025-10-15,9.98,0.005,0.0246,0.0081,0.0081
WAT,WATERS ,Health Care,2025-10-15,332.41,-0.0022,0.0043,0.1087,0.1087
WST,"WEST PHARMACEUTICAL SERVICES, INC.",Health Care,2025-10-15,262.95,0.0068,0.0045,0.0024,0.0024
ZBH,"ZIMMER BIOMET HOLDINGS, INC.",Health Care,2025-10-15,99.38,0.0102,0.0493,0.0089,0.0089
ZTS,ZOETIS INC.,Health Care,2025-10-15,142.12,-0.0094,0.0072,-0.0287,-0.0287
DJI,DOW JONES INDUSTRIAL AVERAGE INDEX,Indices,2025-10-15,46253.3,-0.0004,0.017,-0.0031,-0.0031
NDX,NASDAQ 100 INDEX,Indices,2025-10-15,24745.35,0.0067,0.0216,0.0026,0.0026
RUT,RUSSELL 2000 INDEX,Indices,2025-10-15,2519.75,0.0097,0.0523,0.0342,0.0342
SPX,S&P 500 INDEX,Indices,2025-10-15,6671.06,0.004,0.0181,-0.0026,-0.0026
ADP,"AUTOMATIC DATA PROCESSING, INC.",Industrials,2025-10-15,284.21,-0.006,-0.0034,-0.0317,-0.0317
ALLE,ALLEGION PUBLIC LIMITED COMPANY,Industrials,2025-10-15,177.28,0.0095,0.023,-0.0004,-0.0004
AME,"AMETEK, INC.",Industrials,2025-10-15,185.78,0.0,0.0363,-0.0118,-0.0118
AOS,A. O. SMITH ,Industrials,2025-10-15,69.21,0.0057,0.0215,-0.0572,-0.0572
AXON,"AXON ENTERPRISE, INC.",Industrials,2025-10-15,644.99,-0.0885,-0.0826,-0.1012,-0.1012
BA,THE BOEING COMPANY,Industrials,2025-10-15,214.0,-0.0014,0.0155,-0.0085,-0.0085
BLDR,"BUILDERS FIRSTSOURCE, INC.",Industrials,2025-10-15,126.29,-0.0142,0.0309,0.0416,0.0416
BR,"BROADRIDGE FINANCIAL SOLUTIONS, INC.",Industrials,2025-10-15,231.49,-0.0151,-0.0058,-0.028,-0.028
CARR,CARRIER GLOBAL ,Industrials,2025-10-15,57.21,-0.0051,0.0097,-0.0417,-0.0417
CAT,CATERPILLAR INC.,Industrials,2025-10-15,534.05,0.0124,0.087,0.1192,0.1192
CHRW,"C.H. ROBINSON WORLDWIDE, INC.",Industrials,2025-10-15,128.01,0.0002,0.0215,-0.0332,-0.0332
CMI,CUMMINS INC.,Industrials,2025-10-15,423.39,0.016,0.025,0.0024,0.0024
CPRT,"COPART, INC.",Industrials,2025-10-15,44.56,-0.0047,0.0155,-0.0091,-0.0091
CSX,CSX ,Industrials,2025-10-15,36.24,0.003,0.0211,0.0206,0.0206
CTAS,CINTAS ,Industrials,2025-10-15,187.45,-0.0042,-0.0027,-0.0868,-0.0868
DAL,"DELTA AIR LINES, INC.",Industrials,2025-10-15,61.7,0.007,0.0734,0.0872,0.0872
DAY,CERIDIAN HCM HOLDING INC.,Industrials,2025-10-15,68.28,0.0012,0.0025,-0.0089,-0.0089
DE,DEERE & COMPANY,Industrials,2025-10-15,448.46,0.0011,0.0047,-0.0192,-0.0192
DOV,DOVER ,Industrials,2025-10-15,162.66,0.0007,0.0075,-0.025,-0.025
EFX,EQUIFAX INC.,Industrials,2025-10-15,229.64,0.0057,-0.0029,-0.1048,-0.1048
EME,"EMCOR GROUP, INC.",Industrials,2025-10-15,690.64,0.0242,0.0405,0.0633,0.0633
EMR,EMERSON ELECTRIC CO.,Industrials,2025-10-15,130.27,0.0038,0.0338,-0.0069,-0.0069
ETN,EATON  PUBLIC LIMITED COMPANY,Industrials,2025-10-15,381.72,0.0195,0.0342,0.02,0.02
EXPD,EXPEDITORS INTERNATIONAL OF WASHINGTON,Industrials,2025-10-15,117.35,-0.0003,0.0373,-0.0427,-0.0427
FAST,FASTENAL COMPANY,Industrials,2025-10-15,42.24,-0.012,-0.0773,-0.1387,-0.1387
FDX,FEDEX ,Industrials,2025-10-15,235.8,0.0048,0.0497,-0.0,-0.0
FTV,FORTIVE ,Industrials,2025-10-15,48.49,-0.0111,0.0144,-0.0102,-0.0102
GD,GENERAL DYNAMICS ,Industrials,2025-10-15,332.04,-0.0104,-0.0027,-0.0263,-0.0263
GE,GENERAL ELECTRIC COMPANY,Industrials,2025-10-15,300.12,0.0001,0.0296,-0.0023,-0.0023
GEV,GE VERNOVA INC.,Industrials,2025-10-15,615.95,-0.0452,0.0188,0.0017,0.0017
GNRC,GENERAC HOLDINGS INC.,Industrials,2025-10-15,191.67,0.0418,0.1269,0.145,0.145
GWW,"W.W. GRAINGER, INC.",Industrials,2025-10-15,957.99,-0.0018,0.011,0.0053,0.0053
HII,"HUNTINGTON INGALLS INDUSTRIES, INC.",Industrials,2025-10-15,284.96,-0.0242,0.007,-0.0102,-0.0102
HON,HONEYWELL INTERNATIONAL INC.,Industrials,2025-10-15,202.5,-0.0297,0.0079,-0.038,-0.038
HUBB,HUBBELL INC.,Industrials,2025-10-15,434.05,0.0154,0.0626,0.0087,0.0087
HWM,HOWMET AEROSPACE INC.,Industrials,2025-10-15,192.27,-0.0039,0.0444,-0.0202,-0.0202
IEX,IDEX ,Industrials,2025-10-15,163.19,-0.0028,0.0126,0.0026,0.0026
IR,INGERSOLL RAND INC.,Industrials,2025-10-15,76.67,-0.0074,0.0075,-0.072,-0.072
ITW,ILLINOIS TOOL WORKS INC.,Industrials,2025-10-15,247.69,-0.0016,0.0113,-0.0501,-0.0501
J,JACOBS SOLUTIONS INC.,Industrials,2025-10-15,160.63,0.0164,0.0629,0.0719,0.0719
JBHT,"J. B. HUNT TRANSPORT SERVICES, INC.",Industrials,2025-10-15,138.83,-0.0039,0.0127,0.0347,0.0347
JCI,JOHNSON CONTROLS INTERNATIONAL PLC,Industrials,2025-10-15,110.82,0.0272,0.0499,0.0079,0.0079
LDOS,"LEIDOS HOLDINGS, INC.",Industrials,2025-10-15,186.57,-0.0037,-0.0078,-0.0126,-0.0126
LHX,"L3HARRIS TECHNOLOGIES, INC.",Industrials,2025-10-15,289.72,-0.0348,-0.009,-0.0514,-0.0514
LII,LENNOX INTERNATIONAL INC.,Industrials,2025-10-15,526.99,-0.0073,0.0047,-0.0045,-0.0045
LMT,LOCKHEED MARTIN ,Industrials,2025-10-15,499.41,-0.0115,-0.0112,0.0004,0.0004
LUV,SOUTHWEST AIRLINES CO.,Industrials,2025-10-15,33.56,0.0042,0.0725,0.0517,0.0517
MAS,MASCO ,Industrials,2025-10-15,67.51,-0.0091,0.0372,-0.0409,-0.0409
MMM,3M COMPANY,Industrials,2025-10-15,153.47,0.0061,0.0317,-0.011,-0.011
NDSN,NORDSON ,Industrials,2025-10-15,231.85,-0.0065,0.0162,0.0216,0.0216
NOC,NORTHROP GRUMMAN ,Industrials,2025-10-15,608.93,-0.0291,-0.0234,-0.0006,-0.0006
NSC,NORFOLK SOUTHERN ,Industrials,2025-10-15,289.7,-0.0021,0.0046,-0.0357,-0.0357
ODFL,"OLD DOMINION FREIGHT LINE, INC.",Industrials,2025-10-15,135.04,-0.0029,0.0054,-0.0408,-0.0408
OTIS,OTIS WORLDWIDE ,Industrials,2025-10-15,91.47,0.0071,0.0225,0.0004,0.0004
PAYC,"PAYCOM SOFTWARE, INC.",Industrials,2025-10-15,199.5,-0.0051,-0.0016,-0.0415,-0.0415
PAYX,"PAYCHEX, INC.",Industrials,2025-10-15,127.52,-0.0084,0.0157,0.006,0.006
PCAR,PACCAR INC,Industrials,2025-10-15,95.23,0.0013,0.024,-0.0314,-0.0314
PH,PARKER-HANNIFIN ,Industrials,2025-10-15,737.86,0.0019,0.0296,-0.0268,-0.0268
PNR,PENTAIR PUBLIC LIMITED COMPANY,Industrials,2025-10-15,110.31,-0.0009,0.0289,-0.0041,-0.0041
PWR,"QUANTA SERVICES, INC.",Industrials,2025-10-15,436.93,0.0123,0.0463,0.0543,0.0543
ROK,"ROCKWELL AUTOMATION, INC.",Industrials,2025-10-15,352.09,0.0232,0.055,0.0073,0.0073
ROL,"ROLLINS, INC.",Industrials,2025-10-15,56.02,-0.0154,-0.0172,-0.0463,-0.0463
RSG,"REPUBLIC SERVICES, INC.",Industrials,2025-10-15,221.03,-0.0155,-0.0183,-0.0368,-0.0368
RTX,RTX ,Industrials,2025-10-15,157.0,-0.0152,-0.0044,-0.0617,-0.0617
SNA,SNAP-ON INC.,Industrials,2025-10-15,332.59,-0.0132,0.0161,-0.0402,-0.0402
SWK,"STANLEY BLACK & DECKER, INC.",Industrials,2025-10-15,67.72,0.0104,0.0511,-0.0889,-0.0889
TDG,TRANSDIGM GROUP INC.,Industrials,2025-10-15,1237.71,-0.0587,-0.0315,-0.0609,-0.0609
TT,TRANE TECHNOLOGIES PLC,Industrials,2025-10-15,422.45,-0.0038,0.0201,0.0012,0.0012
TXT,TEXTRON INC.,Industrials,2025-10-15,82.51,-0.015,0.012,-0.0234,-0.0234
UAL,"UNITED AIRLINES HOLDINGS, INC.",Industrials,2025-10-15,104.05,0.0087,0.0763,0.0782,0.0782
UBER,"UBER TECHNOLOGIES, INC.",Industrials,2025-10-15,94.52,0.0029,0.012,-0.0352,-0.0352
UNP,UNION PACIFIC ,Industrials,2025-10-15,225.72,-0.006,0.0012,-0.0451,-0.0451
UPS,"UNITED PARCEL SERVICE, INC.",Industrials,2025-10-15,84.09,0.0005,0.0147,0.0067,0.0067
URI,"UNITED RENTALS, INC.",Industrials,2025-10-15,1020.0,0.0193,0.0737,0.0684,0.0684
VLTO,VERALTO ,Industrials,2025-10-15,101.87,-0.0012,0.0,-0.0445,-0.0445
VRSK,"VERISK ANALYTICS, INC.",Industrials,2025-10-15,243.98,0.0025,0.0038,-0.0299,-0.0299
WAB,WESTINGHOUSE AIR BRAKE TECHNOLOGIES ,Industrials,2025-10-15,197.13,0.0057,0.0319,-0.0167,-0.0167
WM,"WASTE MANAGEMENT, INC.",Industrials,2025-10-15,213.69,-0.0205,-0.0254,-0.0323,-0.0323
XYL,XYLEM INC.,Industrials,2025-10-15,145.77,-0.0055,0.01,-0.0117,-0.0117
AAPL,APPLE INC.,Information Technology,2025-10-15,249.34,0.0063,0.0166,-0.0208,-0.0208
ACN,ACCENTURE PUBLIC LIMITED COMPANY,Information Technology,2025-10-15,239.71,-0.0186,-0.0051,-0.0279,-0.0279
ADBE,ADOBE INC.,Information Technology,2025-10-15,330.63,-0.0159,-0.0204,-0.0627,-0.0627
ADI,"ANALOG DEVICES, INC.",Information Technology,2025-10-15,238.15,0.0116,0.0569,-0.0307,-0.0307
ADSK,"AUTODESK, INC.",Information Technology,2025-10-15,305.08,-0.0049,0.0052,-0.0396,-0.0396
AKAM,"AKAMAI TECHNOLOGIES, INC.",Information Technology,2025-10-15,73.67,-0.0057,0.0059,-0.0276,-0.0276
AMAT,"APPLIED MATERIALS, INC.",Information Technology,2025-10-15,227.58,0.0421,0.084,0.1116,0.1116
AMD,"ADVANCED MICRO DEVICES, INC.",Information Technology,2025-10-15,238.6,0.0899,0.1103,0.4748,0.4748
ANET,"ARISTA NETWORKS, INC.",Information Technology,2025-10-15,143.38,0.0325,-0.0696,-0.016,-0.016
APH,AMPHENOL ,Information Technology,2025-10-15,125.6,0.0238,0.032,0.0149,0.0149
AVGO,BROADCOM INC.,Information Technology,2025-10-15,351.33,0.0207,0.0822,0.0649,0.0649
CDNS,"CADENCE DESIGN SYSTEMS, INC.",Information Technology,2025-10-15,324.1,-0.0051,-0.0089,-0.0773,-0.0773
CDW,CDW ,Information Technology,2025-10-15,148.83,-0.01,0.0261,-0.0656,-0.0656
CRM,"SALESFORCE, INC.",Information Technology,2025-10-15,236.58,-0.0134,-0.0211,-0.0018,-0.0018
CRWD,"CROWDSTRIKE HOLDINGS, INC.",Information Technology,2025-10-15,489.02,0.0002,-0.0094,-0.0028,-0.0028
CSCO,"CISCO SYSTEMS, INC.",Information Technology,2025-10-15,69.52,0.0124,0.0233,0.0161,0.0161
CTSH,COGNIZANT TECHNOLOGY SOLUTIONS ,Information Technology,2025-10-15,66.75,-0.0078,0.0144,-0.0048,-0.0048
DDOG,"DATADOG, INC.",Information Technology,2025-10-15,160.02,-0.0054,0.0081,0.1237,0.1237
DELL,DELL TECHNOLOGIES INC.,Information Technology,2025-10-15,153.7,0.0326,0.0208,0.0842,0.0842
EPAM,"EPAM SYSTEMS, INC.",Information Technology,2025-10-15,142.97,-0.0277,0.0041,-0.0519,-0.0519
FFIV,"F5, INC.",Information Technology,2025-10-15,330.75,-0.0369,-0.003,0.0234,0.0234
FICO,FAIR ISAAC ,Information Technology,2025-10-15,1636.65,-0.0078,-0.0172,0.0936,0.0936
FSLR,"FIRST SOLAR, INC.",Information Technology,2025-10-15,244.4,0.0852,0.0818,0.1082,0.1082
FTNT,"FORTINET, INC.",Information Technology,2025-10-15,83.58,0.006,0.0065,-0.0059,-0.0059
GDDY,GODADDY INC.,Information Technology,2025-10-15,130.24,-0.0155,-0.0034,-0.0482,-0.0482
GEN,GEN DIGITAL INC.,Information Technology,2025-10-15,27.04,0.0078,0.0196,-0.0476,-0.0476
GLW,CORNING INC.,Information Technology,2025-10-15,86.62,0.0235,0.0439,0.056,0.056
HPE,HEWLETT PACKARD ENTERPRISE COMPANY,Information Technology,2025-10-15,25.04,0.0016,0.0262,0.0195,0.0195
HPQ,HP INC.,Information Technology,2025-10-15,28.61,0.0024,0.1198,0.0507,0.0507
IBM,INTERNATIONAL BUSINESS MACHINES ,Information Technology,2025-10-15,280.75,0.0165,0.0105,-0.005,-0.005
INTC,INTEL ,Information Technology,2025-10-15,37.15,0.0418,0.0214,0.1073,0.1073
INTU,INTUIT INC.,Information Technology,2025-10-15,652.69,-0.0068,0.017,-0.0443,-0.0443
IT,"GARTNER, INC.",Information Technology,2025-10-15,236.79,-0.0411,-0.0111,-0.0992,-0.0992
JBL,JABIL INC.,Information Technology,2025-10-15,206.88,0.0309,0.0664,-0.0474,-0.0474
KEYS,"KEYSIGHT TECHNOLOGIES, INC.",Information Technology,2025-10-15,164.84,0.0,0.0335,-0.0576,-0.0576
KLAC,KLA ,Information Technology,2025-10-15,1087.01,0.058,0.1061,0.0078,0.0078
LRCX,LAM RESEARCH ,Information Technology,2025-10-15,144.78,0.0457,0.1021,0.0813,0.0813
MCHP,MICROCHIP TECHNOLOGY INC.,Information Technology,2025-10-15,65.21,0.0094,0.0795,0.0154,0.0154
MPWR,"MONOLITHIC POWER SYSTEMS, INC.",Information Technology,2025-10-15,1007.93,0.0402,0.1144,0.0948,0.0948
MSFT,MICROSOFT ,Information Technology,2025-10-15,513.43,-0.0003,0.0048,-0.0087,-0.0087
MSI,"MOTOROLA SOLUTIONS, INC.",Information Technology,2025-10-15,438.94,-0.0482,-0.038,-0.0401,-0.0401
MU,"MICRON TECHNOLOGY, INC.",Information Technology,2025-10-15,191.94,0.0258,0.0569,0.1471,0.1471
NOW,"SERVICENOW, INC.",Information Technology,2025-10-15,903.05,-0.0091,0.0161,-0.0187,-0.0187
NTAP,"NETAPP, INC.",Information Technology,2025-10-15,121.47,0.0076,0.0661,0.0254,0.0254
NVDA,NVIDIA ,Information Technology,2025-10-15,179.83,-0.0011,-0.0182,-0.0362,-0.0362
NXPI,NXP SEMICONDUCTORS NV,Information Technology,2025-10-15,217.23,0.0052,0.0577,-0.0461,-0.0461
ON,ON SEMICONDUCTOR ,Information Technology,2025-10-15,50.36,0.0164,0.101,0.0213,0.0213
ORCL,ORACLE ,Information Technology,2025-10-15,303.62,0.0153,0.0364,0.0796,0.0796
PANW,"PALO ALTO NETWORKS, INC.",Information Technology,2025-10-15,206.7,-0.0042,-0.0089,0.0151,0.0151
PLTR,PALANTIR TECHNOLOGIES INC.,Information Technology,2025-10-15,179.62,-0.0007,0.0238,-0.0153,-0.0153
PTC,PTC INC.,Information Technology,2025-10-15,202.8,0.0037,0.03,-0.0011,-0.0011
QCOM,QUALCOMM INC.,Information Technology,2025-10-15,162.97,0.0076,0.0611,-0.0204,-0.0204
ROP,"ROPER TECHNOLOGIES, INC.",Information Technology,2025-10-15,499.73,-0.0278,-0.0182,0.0021,0.0021
SMCI,"SUPER MICRO COMPUTER, INC.",Information Technology,2025-10-15,53.94,0.0155,0.0204,0.1252,0.1252
SNPS,"SYNOPSYS, INC.",Information Technology,2025-10-15,435.9,-0.0179,-0.0069,-0.1165,-0.1165
STX,SEAGATE TECHNOLOGY HOLDINGS,Information Technology,2025-10-15,219.38,0.036,0.0233,-0.0707,-0.0707
SWKS,"SKYWORKS SOLUTIONS, INC.",Information Technology,2025-10-15,74.22,0.0197,0.0732,-0.0359,-0.0359
TDY,TELEDYNE TECHNOLOGIES INC.,Information Technology,2025-10-15,565.02,-0.0122,-0.0043,-0.0359,-0.0359
TEL,TE CONNECTIVITY LTD,Information Technology,2025-10-15,222.69,0.0092,0.0378,0.0144,0.0144
TER,"TERADYNE, INC.",Information Technology,2025-10-15,141.03,0.0292,0.0678,0.0246,0.0246
TRMB,TRIMBLE INC.,Information Technology,2025-10-15,78.72,0.0087,0.0409,-0.0359,-0.0359
TXN,TEXAS INSTRUMENTS INC.,Information Technology,2025-10-15,175.27,0.0076,0.0208,-0.046,-0.046
TYL,"TYLER TECHNOLOGIES, INC.",Information Technology,2025-10-15,502.05,-0.0084,-0.0043,-0.0404,-0.0404
VRSN,"VERISIGN, INC.",Information Technology,2025-10-15,265.74,0.0028,0.0189,-0.0495,-0.0495
WDAY,"WORKDAY, INC.",Information Technology,2025-10-15,234.76,-0.0103,0.0068,-0.0248,-0.0248
WDC,WESTERN DIGITAL ,Information Technology,2025-10-15,120.44,0.0626,0.0435,0.0032,0.0032
ZBRA,ZEBRA TECHNOLOGIES ,Information Technology,2025-10-15,293.34,0.015,0.0632,-0.0129,-0.0129
ASC,ARDMORE SHIPPING ,MR Discretion,2025-10-15,11.26,0.0307,0.0246,-0.0514,-0.0514
BTI,BRITISH AMERICAN TOBACCO P.L.C.,MR Discretion,2025-10-15,50.75,-0.0069,-0.0153,-0.0439,-0.0439
BTU,PEABODY ENERGY ,MR Discretion,2025-10-15,32.93,-0.0575,0.066,0.2417,0.2417
CCJ,CAMECO ,MR Discretion,2025-10-15,93.46,0.0029,0.0786,0.1145,0.1145
CIVI,"CIVITAS RESOURCES, INC.",MR Discretion,2025-10-15,28.52,-0.0136,-0.0326,-0.1225,-0.1225
CMBT,CMB.TECH NV,MR Discretion,2025-10-15,9.43,0.0193,0.025,0.0043,0.0043
CMRE,COSTAMARE INC.,MR Discretion,2025-10-15,11.37,0.0313,0.046,-0.0453,-0.0453
CNR,"CORE NATURAL RESOURCES, INC.",MR Discretion,2025-10-15,91.48,-0.0885,-0.0518,0.0958,0.0958
CRESY,CRESUD INC.,MR Discretion,2025-10-15,9.68,0.0093,0.0147,0.0522,0.0522
DHT,"DHT HOLDINGS, INC.",MR Discretion,2025-10-15,11.66,0.0403,0.0219,-0.0243,-0.0243
EC,ECOPETROL SA,MR Discretion,2025-10-15,8.93,0.0158,0.0171,-0.0304,-0.0304
FRO,FRONTLINE PLC,MR Discretion,2025-10-15,22.74,0.0326,0.0004,-0.0022,-0.0022
FTI,TECHNIPFMC PLC,MR Discretion,2025-10-15,35.57,-0.0117,-0.0061,-0.0984,-0.0984
GEOS,GEOSPACE TECHNOLOGIES ,MR Discretion,2025-10-15,23.89,0.0197,0.0547,0.26,0.26
GGB,GERDAU SA,MR Discretion,2025-10-15,3.26,0.0092,0.0349,0.0516,0.0516
GLATF,GLOBAL ATOMIC ,MR Discretion,2025-10-15,0.49,-0.0335,0.0,-0.0926,-0.0926
GNK,GENCO SHIPPING & TRADING LIMITED,MR Discretion,2025-10-15,16.25,0.0099,0.0437,-0.0871,-0.0871
HLX,"HELIX ENERGY SOLUTIONS GROUP, INC.",MR Discretion,2025-10-15,6.29,-0.0016,0.0278,-0.0412,-0.0412
ICL,ICL GROUP LTD,MR Discretion,2025-10-15,6.36,-0.0355,-0.0185,0.0225,0.0225
MP,MP MATERIALS CORP,MR Discretion,2025-10-15,89.85,-0.0934,0.1469,0.3396,0.3396
NOV,NOV INC.,MR Discretion,2025-10-15,12.81,0.0205,0.0406,-0.0332,-0.0332
PAM,PAMPA ENERGIA SA,MR Discretion,2025-10-15,65.92,0.0305,0.0388,0.0976,0.0976
PBR,BRAZILIAN PETROLEUM  - PETROBRAS,MR Discretion,2025-10-15,11.64,-0.0128,0.0034,-0.0806,-0.0806
RIG,TRANSOCEAN LTD,MR Discretion,2025-10-15,3.31,0.0591,0.0747,0.0609,0.0609
ROKU,"ROKU, INC.",MR Discretion,2025-10-15,98.58,0.0433,0.0713,-0.0155,-0.0155
SBLK,STAR BULK CARRIERS CORP.,MR Discretion,2025-10-15,17.42,0.0063,0.0375,-0.0629,-0.0629
SD,"SANDRIDGE ENERGY, INC.",MR Discretion,2025-10-15,11.61,-0.0009,0.0238,0.0293,0.0293
STLA,STELLANTIS NV,MR Discretion,2025-10-15,10.12,0.021,0.0316,0.0835,0.0835
STNG,SCORPIO TANKERS INC.,MR Discretion,2025-10-15,54.57,0.0217,0.0085,-0.0264,-0.0264
TDW,TIDEWATER INC.,MR Discretion,2025-10-15,50.46,0.0206,0.0517,-0.0538,-0.0538
TECK,TECK RESOURCES LIMITED,MR Discretion,2025-10-15,43.81,0.0131,0.0466,-0.0018,-0.0018
TS,TENARIS SA,MR Discretion,2025-10-15,34.28,-0.0026,0.0175,-0.0417,-0.0417
URNM,SPROTT URANIUM MINERS,MR Discretion,2025-10-15,66.18,-0.0023,0.0735,0.0952,0.0952
VAL,VALARIS LIMITED,MR Discretion,2025-10-15,50.12,0.0413,0.0721,0.0277,0.0277
XES,SPDR S&P OIL&GAS E&S,MR Discretion,2025-10-15,71.74,0.0196,0.0541,-0.0084,-0.0084
XOP,SPDR S&P OIL&GAS EXP,MR Discretion,2025-10-15,125.93,-0.0017,0.0159,-0.0474,-0.0474
ALB,ALBEMARLE ,Materials,2025-10-15,98.16,0.0198,0.0924,0.2107,0.2107
AMCR,AMCOR PLC,Materials,2025-10-15,8.05,-0.0062,0.0151,-0.0159,-0.0159
APD,"AIR PRODUCTS AND CHEMICALS, INC.",Materials,2025-10-15,257.41,-0.0177,0.0013,-0.0561,-0.0561
AVY,AVERY DENNISON ,Materials,2025-10-15,159.58,-0.0034,0.0057,-0.016,-0.016
BALL,BALL ,Materials,2025-10-15,47.55,-0.0006,0.0098,-0.0569,-0.0569
CF,"CF INDUSTRIES HOLDINGS, INC.",Materials,2025-10-15,85.44,-0.015,-0.0218,-0.0475,-0.0475
CTVA,"CORTEVA, INC.",Materials,2025-10-15,61.91,-0.0122,0.0013,-0.0846,-0.0846
DD,"DUPONT DE NEMOURS, INC.",Materials,2025-10-15,78.53,0.0122,0.0655,0.0081,0.0081
DOW,DOW INC.,Materials,2025-10-15,22.2,0.0127,0.0751,-0.0318,-0.0318
ECL,ECOLAB INC.,Materials,2025-10-15,273.7,0.0025,0.006,-0.0006,-0.0006
EMN,EASTMAN CHEMICAL COMPANY,Materials,2025-10-15,60.67,0.0021,0.0424,-0.0377,-0.0377
FCX,FREEPORT-MCMORAN INC.,Materials,2025-10-15,41.71,-0.0062,0.0203,0.0635,0.0635
IFF,INTERNATIONAL FLAVORS & FRAGRANCES INC.,Materials,2025-10-15,61.93,0.0042,0.04,0.0063,0.0063
IP,INTERNATIONAL PAPER COMPANY,Materials,2025-10-15,46.94,0.0058,0.0274,0.0116,0.0116
LIN,LINDE PUBLIC LIMITED COMPANY,Materials,2025-10-15,451.42,-0.0172,-0.0053,-0.0496,-0.0496
LYB,LYONDELLBASELL INDUSTRIES NV,Materials,2025-10-15,46.76,0.0021,0.0412,-0.0465,-0.0465
MLM,"MARTIN MARIETTA MATERIALS, INC.",Materials,2025-10-15,639.16,-0.0273,0.0107,0.0141,0.0141
MOS,THE MOSAIC COMPANY,Materials,2025-10-15,29.79,-0.0054,-0.0185,-0.141,-0.141
NEM,NEWMONT ,Materials,2025-10-15,93.58,0.033,0.0991,0.11,0.11
NUE,NUCOR ,Materials,2025-10-15,136.76,-0.0127,0.0233,0.0098,0.0098
PKG,PACKAGING  OF AMERICA,Materials,2025-10-15,209.65,-0.0053,0.014,-0.038,-0.038
PPG,"PPG INDUSTRIES, INC.",Materials,2025-10-15,99.56,-0.0094,0.011,-0.0528,-0.0528
SHW,THE SHERWIN-WILLIAMS COMPANY,Materials,2025-10-15,332.73,-0.0076,-0.0002,-0.0391,-0.0391
STLD,"STEEL DYNAMICS, INC.",Materials,2025-10-15,146.05,-0.0063,0.0341,0.0475,0.0475
SW,SMURFIT WESTROCK PUBLIC LIMITED COMPANY,Materials,2025-10-15,41.76,-0.0112,0.0324,-0.019,-0.019
VMC,VULCAN MATERIALS COMPANY,Materials,2025-10-15,303.1,-0.0195,0.0055,-0.0147,-0.0147
AMT,AMERICAN TOWER ,Real Estate,2025-10-15,190.03,0.0187,0.0179,-0.0119,-0.0119
ARE,"ALEXANDRIA REAL ESTATE EQUITIES, INC.",Real Estate,2025-10-15,76.21,0.0151,0.031,-0.0856,-0.0856
AVB,"AVALONBAY COMMUNITIES, INC.",Real Estate,2025-10-15,184.0,-0.0077,-0.0029,-0.0475,-0.0475
BXP,"BOSTON PROPERTIES, INC.",Real Estate,2025-10-15,71.73,0.0169,0.0322,-0.0351,-0.0351
CBRE,"CBRE GROUP, INC.",Real Estate,2025-10-15,156.82,0.0158,0.0428,-0.0047,-0.0047
CCI,CROWN CASTLE INC.,Real Estate,2025-10-15,98.06,0.0079,0.0049,0.0163,0.0163
CPT,CAMDEN PROPERTY TRUST,Real Estate,2025-10-15,101.7,-0.0042,0.0003,-0.0476,-0.0476
CSGP,"COSTAR GROUP, INC.",Real Estate,2025-10-15,75.19,-0.0072,-0.0052,-0.1088,-0.1088
DLR,"DIGITAL REALTY TRUST, INC.",Real Estate,2025-10-15,175.2,0.0191,0.0398,0.0134,0.0134
DOC,"HEALTHDOC PROPERTIES, INC.",Real Estate,2025-10-15,18.51,0.0202,0.0255,-0.0334,-0.0334
EQIX,"EQUINIX, INC.",Real Estate,2025-10-15,822.24,0.0059,0.027,0.0498,0.0498
EQR,EQUITY RESIDENTIAL,Real Estate,2025-10-15,62.09,-0.0034,0.0068,-0.0408,-0.0408
ESS,"ESSEX PROPERTY TRUST, INC.",Real Estate,2025-10-15,257.15,-0.0086,0.005,-0.0393,-0.0393
EXR,EXTRA SPACE STORAGE INC.,Real Estate,2025-10-15,149.19,0.0091,0.0508,0.0585,0.0585
FRT,FEDERAL REALTY INVESTMENT TRUST,Real Estate,2025-10-15,98.22,0.009,0.0276,-0.0305,-0.0305
HST,"HOST HOTELS & RESORTS, INC.",Real Estate,2025-10-15,16.57,0.0115,0.0474,-0.0264,-0.0264
INVH,INVITATION HOMES INC.,Real Estate,2025-10-15,28.42,-0.0032,0.0172,-0.031,-0.031
IRM,IRON MOUNTAIN INC.,Real Estate,2025-10-15,105.76,0.023,0.0385,0.0375,0.0375
KIM,KIMCO REALTY .,Real Estate,2025-10-15,21.71,0.0148,0.0448,-0.0064,-0.0064
MAA,"MID-AMERICA APARTMENT COMMUNITIES, INC.",Real Estate,2025-10-15,132.0,-0.0132,-0.019,-0.0553,-0.0553
O,REALTY INCOME ,Real Estate,2025-10-15,59.46,0.0105,0.0206,-0.0219,-0.0219
PLD,"PROLOGIS, INC.",Real Estate,2025-10-15,122.76,0.0614,0.1037,0.072,0.072
PSA,PUBLIC STORAGE.,Real Estate,2025-10-15,301.0,-0.0038,0.0223,0.0421,0.0421
REG,REGENCY CENTERS ,Real Estate,2025-10-15,72.43,0.0086,0.0293,-0.0064,-0.0064
SBAC,SBA COMMUNICATIONS ,Real Estate,2025-10-15,194.45,0.0175,0.0283,0.0057,0.0057
SPG,"SIMON PROPERTY GROUP, INC.",Real Estate,2025-10-15,178.36,0.0143,0.0175,-0.0496,-0.0496
UDR,"UDR, INC.",Real Estate,2025-10-15,36.22,-0.0039,0.0143,-0.0279,-0.0279
VICI,VICI PROPERTIES INC.,Real Estate,2025-10-15,31.29,0.0054,0.0107,-0.0405,-0.0405
VTR,"VENTAS, INC.",Real Estate,2025-10-15,68.89,0.0136,0.0171,-0.0157,-0.0157
WELL,WELLTOWER INC.,Real Estate,2025-10-15,172.34,0.0176,0.0386,-0.0326,-0.0326
WY,WEYERHAEUSER COMPANY,Real Estate,2025-10-15,23.73,-0.0071,-0.0084,-0.0428,-0.0428
DIA,SPDR DOW JONES INDUS AVG,Sector & Style ETFs,2025-10-15,462.71,0.0,0.0172,-0.0022,-0.0022
IWD,ISHARES:RUSS 1000 VL ETF,Sector & Style ETFs,2025-10-15,203.87,0.0037,0.0222,0.0014,0.0014
IWF,ISHARES:RUSS 1000 GR ETF,Sector & Style ETFs,2025-10-15,467.03,0.0042,0.0165,-0.0029,-0.0029
IWM,ISHARES:RUSS 2000 ETF,Sector & Style ETFs,2025-10-15,250.33,0.0098,0.0527,0.0346,0.0346
MDY,SPDR S&P MIDCAP 400 ETF,Sector & Style ETFs,2025-10-15,594.92,0.0009,0.0297,-0.0019,-0.0019
MTUM,ISHARES:MSCI USA MOM FCT,Sector & Style ETFs,2025-10-15,254.86,0.0029,0.0196,-0.0062,-0.0062
OEF,ISHARES:S&P 100,Sector & Style ETFs,2025-10-15,332.92,0.0057,0.0192,0.0002,0.0002
POWA,INVESCO DEF EQTY ETF,Sector & Style ETFs,2025-10-15,90.14,0.001,0.0197,-0.0042,-0.0042
QQQ,INVESCO QQQ TRUST 1,Sector & Style ETFs,2025-10-15,602.22,0.007,0.0216,0.0031,0.0031
QUAL,ISHARES:MSCI USA QF,Sector & Style ETFs,2025-10-15,193.71,0.0035,0.0141,-0.0041,-0.0041
RSP,INVESCO S&P500 EWGHT,Sector & Style ETFs,2025-10-15,188.85,0.002,0.0201,-0.0045,-0.0045
SDY,SPDR S&P DIVIDEND,Sector & Style ETFs,2025-10-15,139.57,0.0,0.0153,-0.0034,-0.0034
SPHB,INVESCO S&P500 HI BE,Sector & Style ETFs,2025-10-15,112.21,0.0134,0.0442,0.0219,0.0219
SPLV,INVESCO S&P500 LOWVL,Sector & Style ETFs,2025-10-15,72.81,-0.0026,0.0052,-0.0091,-0.0091
SPY,SPDR S&P 500 ETF,Sector & Style ETFs,2025-10-15,665.17,0.0044,0.0186,-0.0015,-0.0015
XLB,SEL SECTOR:MATRLS SPDR,Sector & Style ETFs,2025-10-15,88.71,-0.0045,0.0214,-0.0102,-0.0102
XLC,SEL SECTOR:COMM SVC SPDR,Sector & Style ETFs,2025-10-15,115.4,0.007,0.023,-0.0251,-0.0251
XLE,SEL SECTOR:ENERGY SPDR,Sector & Style ETFs,2025-10-15,86.32,-0.0006,0.0129,-0.0338,-0.0338
XLF,SEL SECTOR:FINL S SPDR,Sector & Style ETFs,2025-10-15,53.24,0.0,0.0207,-0.0117,-0.0117
XLI,SEL SECTOR:INDUST SPDR,Sector & Style ETFs,2025-10-15,152.6,-0.0042,0.018,-0.0106,-0.0106
XLK,SEL SECTOR:TECH SPDR,Sector & Style ETFs,2025-10-15,284.3,0.0099,0.0212,0.0087,0.0087
XLP,SEL SECTOR:C STP SPDR,Sector & Style ETFs,2025-10-15,79.23,0.0018,0.0145,0.011,0.011
XLRE,SEL SECTOR:RL EST SPDR,Sector & Style ETFs,2025-10-15,41.9,0.0144,0.03,-0.0055,-0.0055
XLU,SEL SECTOR:UTIL SPDR,Sector & Style ETFs,2025-10-15,92.9,0.013,0.0299,0.0652,0.0652
XLV,SEL SECTOR:H CARE SPDR,Sector & Style ETFs,2025-10-15,142.56,0.0015,0.0032,0.0244,0.0244
XLY,SEL SECTOR:C DSC SPDR,Sector & Style ETFs,2025-10-15,234.69,0.0014,0.026,-0.0207,-0.0207
AEE,AMEREN ,Utilities,2025-10-15,105.39,0.0111,0.0166,0.0097,0.0097
AEP,"AMERICAN ELECTRIC POWER COMPANY, INC.",Utilities,2025-10-15,118.53,0.0013,0.0127,0.0536,0.0536
AES,THE AES ,Utilities,2025-10-15,14.75,0.0247,0.0483,0.1208,0.1208
ATO,ATMOS ENERGY ,Utilities,2025-10-15,179.19,0.0086,0.0154,0.0494,0.0494
AWK,"AMERICAN WATER WORKS COMPANY, INC.",Utilities,2025-10-15,142.53,0.0068,-0.0031,0.024,0.024
CEG,CONSTELLATION ENERGY .,Utilities,2025-10-15,403.95,0.0363,0.0962,0.2276,0.2276
CMS,CMS ENERGY ,Utilities,2025-10-15,75.31,0.0128,0.0165,0.028,0.028
CNP,"CENTERPOINT ENERGY, INC.",Utilities,2025-10-15,39.86,0.0093,0.0158,0.0273,0.0273
D,"DOMINION ENERGY, INC.",Utilities,2025-10-15,61.69,0.0028,0.0118,0.0085,0.0085
DTE,DTE ENERGY COMPANY,Utilities,2025-10-15,142.46,0.0057,0.0143,0.0073,0.0073
DUK,DUKE ENERGY ,Utilities,2025-10-15,128.67,0.0066,0.013,0.0398,0.0398
ED,"CONSOLIDATED EDISON, INC.",Utilities,2025-10-15,102.29,0.0039,-0.001,0.0176,0.0176
EIX,EDISON INTERNATIONAL,Utilities,2025-10-15,56.74,0.0119,0.0886,0.0264,0.0264
ES,EVERSOURCE ENERGY,Utilities,2025-10-15,72.24,0.0231,-0.0015,0.0155,0.0155
ETR,ENTERGY ,Utilities,2025-10-15,97.65,0.0102,0.0251,0.0479,0.0479
EVRG,"EVERGY, INC.",Utilities,2025-10-15,78.65,0.0071,0.0152,0.0346,0.0346
EXC,EXELON ,Utilities,2025-10-15,47.83,0.0095,0.0161,0.0627,0.0627
FE,FIRSTENERGY CORP.,Utilities,2025-10-15,47.69,0.0034,0.0166,0.0408,0.0408
LNT,ALLIANT ENERGY ,Utilities,2025-10-15,68.63,0.0044,0.013,0.0181,0.0181
NEE,"NEXTERA ENERGY, INC.",Utilities,2025-10-15,85.79,0.0135,0.0293,0.1364,0.1364
NI,NISOURCE INC.,Utilities,2025-10-15,43.55,0.0143,0.0161,0.0058,0.0058
NRG,"NRG ENERGY, INC.",Utilities,2025-10-15,171.33,0.034,0.0679,0.0579,0.0579
PCG,PG&E ,Utilities,2025-10-15,16.68,0.0169,0.0517,0.1061,0.1061
PEG,PUBLIC SERVICE ENTERPRISE GROUP INC.,Utilities,2025-10-15,84.73,0.0274,0.0506,0.0152,0.0152
PNW,PINNACLE WEST CAPITAL ,Utilities,2025-10-15,93.71,0.0028,0.0141,0.0452,0.0452
PPL,PPL ,Utilities,2025-10-15,37.97,0.0029,0.0199,0.0218,0.0218
SO,THE SOUTHERN COMPANY,Utilities,2025-10-15,99.72,0.0004,0.0145,0.0522,0.0522
SRE,SEMPRA,Utilities,2025-10-15,92.29,0.0105,0.0232,0.0257,0.0257
VST,VISTRA CORP.,Utilities,2025-10-15,210.85,0.0257,0.0711,0.0762,0.0762
WEC,"WEC ENERGY GROUP, INC.",Utilities,2025-10-15,117.28,0.0068,0.0187,0.0235,0.0235
XEL,XCEL ENERGY INC.,Utilities,2025-10-15,81.8,0.0117,0.0108,0.0143,0.0143
VIX,CBOE MKT VOLATILITY IDX,Volatility,2025-10-15,20.64,-0.0082,-0.0471,0.2678,0.2678
VXN,CBOE NASDAQ MKT VOL NDX,Volatility,2025-10-15,24.42,0.0057,-0.0321,0.221,0.221
FVX,5 YR TSY YLD NDX,Yields,2025-10-15,3.63,0.0072,-0.0027,-0.0268,-0.0268
TNX,10 Y TSY YLD NDX,Yields,2025-10-15,4.04,0.0059,-0.0025,-0.0242,-0.0242
TYX,30 Y TSY YLD NDX,Yields,2025-10-15,4.63,0.0035,0.0,-0.0211,-0.0211
